Copyright 1986-2022 Xilinx, Inc. All Rights Reserved. Copyright 2022-2024 Advanced Micro Devices, Inc. All Rights Reserved.
---------------------------------------------------------------------------------------------------------------------------------------------------------------------------------------------------------------------------
| Tool Version : Vivado v.2024.1 (win64) Build 5076996 Wed May 22 18:37:14 MDT 2024
| Date         : Wed Apr  2 11:33:58 2025
| Host         : LAPTOP-JOUC07R3 running 64-bit major release  (build 9200)
| Command      : report_timing_summary -max_paths 10 -report_unconstrained -file Top_Module_timing_summary_routed.rpt -pb Top_Module_timing_summary_routed.pb -rpx Top_Module_timing_summary_routed.rpx -warn_on_violation
| Design       : Top_Module
| Device       : 7a35t-cpg236
| Speed File   : -1  PRODUCTION 1.23 2018-06-13
| Design State : Routed
---------------------------------------------------------------------------------------------------------------------------------------------------------------------------------------------------------------------------

Timing Summary Report

------------------------------------------------------------------------------------------------
| Timer Settings
| --------------
------------------------------------------------------------------------------------------------

  Enable Multi Corner Analysis               :  Yes
  Enable Pessimism Removal                   :  Yes
  Pessimism Removal Resolution               :  Nearest Common Node
  Enable Input Delay Default Clock           :  No
  Enable Preset / Clear Arcs                 :  No
  Disable Flight Delays                      :  No
  Ignore I/O Paths                           :  No
  Timing Early Launch at Borrowing Latches   :  No
  Borrow Time for Max Delay Exceptions       :  Yes
  Merge Timing Exceptions                    :  Yes
  Inter-SLR Compensation                     :  Conservative

  Corner  Analyze    Analyze    
  Name    Max Paths  Min Paths  
  ------  ---------  ---------  
  Slow    Yes        Yes        
  Fast    Yes        Yes        


------------------------------------------------------------------------------------------------
| Report Methodology
| ------------------
------------------------------------------------------------------------------------------------

Rule       Severity          Description                    Violations  
---------  ----------------  -----------------------------  ----------  
TIMING-17  Critical Warning  Non-clocked sequential cell    13          
TIMING-18  Warning           Missing input or output delay  12          

Note: This report is based on the most recent report_methodology run and may not be up-to-date. Run report_methodology on the current design for the latest report.



check_timing report

Table of Contents
-----------------
1. checking no_clock (13)
2. checking constant_clock (0)
3. checking pulse_width_clock (0)
4. checking unconstrained_internal_endpoints (13)
5. checking no_input_delay (4)
6. checking no_output_delay (19)
7. checking multiple_clock (0)
8. checking generated_clocks (0)
9. checking loops (0)
10. checking partial_input_delay (0)
11. checking partial_output_delay (0)
12. checking latch_loops (0)

1. checking no_clock (13)
-------------------------
 There are 13 register/latch pins with no clock driven by root clock pin: seg7/segclk_reg[12]/Q (HIGH)


2. checking constant_clock (0)
------------------------------
 There are 0 register/latch pins with constant_clock.


3. checking pulse_width_clock (0)
---------------------------------
 There are 0 register/latch pins which need pulse_width check


4. checking unconstrained_internal_endpoints (13)
-------------------------------------------------
 There are 13 pins that are not constrained for maximum delay. (HIGH)

 There are 0 pins that are not constrained for maximum delay due to constant clock.


5. checking no_input_delay (4)
------------------------------
 There are 4 input ports with no input delay specified. (HIGH)

 There are 0 input ports with no input delay but user has a false path constraint.


6. checking no_output_delay (19)
--------------------------------
 There are 19 ports with no output delay specified. (HIGH)

 There are 0 ports with no output delay but user has a false path constraint

 There are 0 ports with no output delay but with a timing clock defined on it or propagating through it


7. checking multiple_clock (0)
------------------------------
 There are 0 register/latch pins with multiple clocks.


8. checking generated_clocks (0)
--------------------------------
 There are 0 generated clocks that are not connected to a clock source.


9. checking loops (0)
---------------------
 There are 0 combinational loops in the design.


10. checking partial_input_delay (0)
------------------------------------
 There are 0 input ports with partial input delay specified.


11. checking partial_output_delay (0)
-------------------------------------
 There are 0 ports with partial output delay specified.


12. checking latch_loops (0)
----------------------------
 There are 0 combinational latch loops in the design through latch input



------------------------------------------------------------------------------------------------
| Design Timing Summary
| ---------------------
------------------------------------------------------------------------------------------------

    WNS(ns)      TNS(ns)  TNS Failing Endpoints  TNS Total Endpoints      WHS(ns)      THS(ns)  THS Failing Endpoints  THS Total Endpoints     WPWS(ns)     TPWS(ns)  TPWS Failing Endpoints  TPWS Total Endpoints  
    -------      -------  ---------------------  -------------------      -------      -------  ---------------------  -------------------     --------     --------  ----------------------  --------------------  
      4.841        0.000                      0                  264        0.152        0.000                      0                  264        4.500        0.000                       0                   140  


All user specified timing constraints are met.


------------------------------------------------------------------------------------------------
| Clock Summary
| -------------
------------------------------------------------------------------------------------------------

Clock        Waveform(ns)       Period(ns)      Frequency(MHz)
-----        ------------       ----------      --------------
sys_clk_pin  {0.000 5.000}      10.000          100.000         


------------------------------------------------------------------------------------------------
| Intra Clock Table
| -----------------
------------------------------------------------------------------------------------------------

Clock             WNS(ns)      TNS(ns)  TNS Failing Endpoints  TNS Total Endpoints      WHS(ns)      THS(ns)  THS Failing Endpoints  THS Total Endpoints     WPWS(ns)     TPWS(ns)  TPWS Failing Endpoints  TPWS Total Endpoints  
-----             -------      -------  ---------------------  -------------------      -------      -------  ---------------------  -------------------     --------     --------  ----------------------  --------------------  
sys_clk_pin         4.841        0.000                      0                  264        0.152        0.000                      0                  264        4.500        0.000                       0                   140  


------------------------------------------------------------------------------------------------
| Inter Clock Table
| -----------------
------------------------------------------------------------------------------------------------

From Clock    To Clock          WNS(ns)      TNS(ns)  TNS Failing Endpoints  TNS Total Endpoints      WHS(ns)      THS(ns)  THS Failing Endpoints  THS Total Endpoints  
----------    --------          -------      -------  ---------------------  -------------------      -------      -------  ---------------------  -------------------  


------------------------------------------------------------------------------------------------
| Other Path Groups Table
| -----------------------
------------------------------------------------------------------------------------------------

Path Group    From Clock    To Clock          WNS(ns)      TNS(ns)  TNS Failing Endpoints  TNS Total Endpoints      WHS(ns)      THS(ns)  THS Failing Endpoints  THS Total Endpoints  
----------    ----------    --------          -------      -------  ---------------------  -------------------      -------      -------  ---------------------  -------------------  


------------------------------------------------------------------------------------------------
| User Ignored Path Table
| -----------------------
------------------------------------------------------------------------------------------------

Path Group    From Clock    To Clock    
----------    ----------    --------    


------------------------------------------------------------------------------------------------
| Unconstrained Path Table
| ------------------------
------------------------------------------------------------------------------------------------

Path Group    From Clock    To Clock    
----------    ----------    --------    
(none)                                    
(none)        sys_clk_pin                 
(none)                      sys_clk_pin   


------------------------------------------------------------------------------------------------
| Timing Details
| --------------
------------------------------------------------------------------------------------------------


---------------------------------------------------------------------------------------------------
From Clock:  sys_clk_pin
  To Clock:  sys_clk_pin

Setup :            0  Failing Endpoints,  Worst Slack        4.841ns,  Total Violation        0.000ns
Hold  :            0  Failing Endpoints,  Worst Slack        0.152ns,  Total Violation        0.000ns
PW    :            0  Failing Endpoints,  Worst Slack        4.500ns,  Total Violation        0.000ns
---------------------------------------------------------------------------------------------------


Max Delay Paths
--------------------------------------------------------------------------------------
Slack (MET) :             4.841ns  (required time - arrival time)
  Source:                 clock/clkc_reg[4]/C
                            (rising edge-triggered cell FDRE clocked by sys_clk_pin  {rise@0.000ns fall@5.000ns period=10.000ns})
  Destination:            clock/clkc_reg[29]/D
                            (rising edge-triggered cell FDRE clocked by sys_clk_pin  {rise@0.000ns fall@5.000ns period=10.000ns})
  Path Group:             sys_clk_pin
  Path Type:              Setup (Max at Slow Process Corner)
  Requirement:            10.000ns  (sys_clk_pin rise@10.000ns - sys_clk_pin rise@0.000ns)
  Data Path Delay:        5.171ns  (logic 2.502ns (48.389%)  route 2.669ns (51.611%))
  Logic Levels:           12  (CARRY4=8 LUT2=1 LUT4=2 LUT5=1)
  Clock Path Skew:        -0.015ns (DCD - SCD + CPR)
    Destination Clock Delay (DCD):    4.781ns = ( 14.781 - 10.000 ) 
    Source Clock Delay      (SCD):    5.070ns
    Clock Pessimism Removal (CPR):    0.274ns
  Clock Uncertainty:      0.035ns  ((TSJ^2 + TIJ^2)^1/2 + DJ) / 2 + PE
    Total System Jitter     (TSJ):    0.071ns
    Total Input Jitter      (TIJ):    0.000ns
    Discrete Jitter          (DJ):    0.000ns
    Phase Error              (PE):    0.000ns

    Location             Delay type                Incr(ns)  Path(ns)    Netlist Resource(s)
  -------------------------------------------------------------------    -------------------
                         (clock sys_clk_pin rise edge)
                                                      0.000     0.000 r  
    W5                                                0.000     0.000 r  clk (IN)
                         net (fo=0)                   0.000     0.000    clk
    W5                   IBUF (Prop_ibuf_I_O)         1.458     1.458 r  clk_IBUF_inst/O
                         net (fo=1, routed)           1.967     3.425    clk_IBUF
    BUFGCTRL_X0Y0        BUFG (Prop_bufg_I_O)         0.096     3.521 r  clk_IBUF_BUFG_inst/O
                         net (fo=139, routed)         1.549     5.070    clock/clk_IBUF_BUFG
    SLICE_X43Y27         FDRE                                         r  clock/clkc_reg[4]/C
  -------------------------------------------------------------------    -------------------
    SLICE_X43Y27         FDRE (Prop_fdre_C_Q)         0.456     5.526 f  clock/clkc_reg[4]/Q
                         net (fo=2, routed)           0.844     6.370    clock/clkc_reg[4]
    SLICE_X42Y29         LUT4 (Prop_lut4_I1_O)        0.124     6.494 f  clock/sec[5]_i_8/O
                         net (fo=1, routed)           0.663     7.157    clock/sec[5]_i_8_n_0
    SLICE_X42Y29         LUT5 (Prop_lut5_I4_O)        0.124     7.281 f  clock/sec[5]_i_4/O
                         net (fo=1, routed)           0.670     7.951    clock/sec[5]_i_4_n_0
    SLICE_X42Y29         LUT4 (Prop_lut4_I0_O)        0.124     8.075 r  clock/sec[5]_i_3/O
                         net (fo=16, routed)          0.492     8.567    clock/sec[5]_i_3_n_0
    SLICE_X43Y26         LUT2 (Prop_lut2_I1_O)        0.124     8.691 r  clock/clkc[0]_i_3/O
                         net (fo=1, routed)           0.000     8.691    clock/clkc[0]_i_3_n_0
    SLICE_X43Y26         CARRY4 (Prop_carry4_S[0]_CO[3])
                                                      0.532     9.223 r  clock/clkc_reg[0]_i_2/CO[3]
                         net (fo=1, routed)           0.000     9.223    clock/clkc_reg[0]_i_2_n_0
    SLICE_X43Y27         CARRY4 (Prop_carry4_CI_CO[3])
                                                      0.114     9.337 r  clock/clkc_reg[4]_i_1/CO[3]
                         net (fo=1, routed)           0.000     9.337    clock/clkc_reg[4]_i_1_n_0
    SLICE_X43Y28         CARRY4 (Prop_carry4_CI_CO[3])
                                                      0.114     9.451 r  clock/clkc_reg[8]_i_1/CO[3]
                         net (fo=1, routed)           0.000     9.451    clock/clkc_reg[8]_i_1_n_0
    SLICE_X43Y29         CARRY4 (Prop_carry4_CI_CO[3])
                                                      0.114     9.565 r  clock/clkc_reg[12]_i_1/CO[3]
                         net (fo=1, routed)           0.000     9.565    clock/clkc_reg[12]_i_1_n_0
    SLICE_X43Y30         CARRY4 (Prop_carry4_CI_CO[3])
                                                      0.114     9.679 r  clock/clkc_reg[16]_i_1/CO[3]
                         net (fo=1, routed)           0.000     9.679    clock/clkc_reg[16]_i_1_n_0
    SLICE_X43Y31         CARRY4 (Prop_carry4_CI_CO[3])
                                                      0.114     9.793 r  clock/clkc_reg[20]_i_1/CO[3]
                         net (fo=1, routed)           0.000     9.793    clock/clkc_reg[20]_i_1_n_0
    SLICE_X43Y32         CARRY4 (Prop_carry4_CI_CO[3])
                                                      0.114     9.907 r  clock/clkc_reg[24]_i_1/CO[3]
                         net (fo=1, routed)           0.000     9.907    clock/clkc_reg[24]_i_1_n_0
    SLICE_X43Y33         CARRY4 (Prop_carry4_CI_O[1])
                                                      0.334    10.241 r  clock/clkc_reg[28]_i_1/O[1]
                         net (fo=1, routed)           0.000    10.241    clock/clkc_reg[28]_i_1_n_6
    SLICE_X43Y33         FDRE                                         r  clock/clkc_reg[29]/D
  -------------------------------------------------------------------    -------------------

                         (clock sys_clk_pin rise edge)
                                                     10.000    10.000 r  
    W5                                                0.000    10.000 r  clk (IN)
                         net (fo=0)                   0.000    10.000    clk
    W5                   IBUF (Prop_ibuf_I_O)         1.388    11.388 r  clk_IBUF_inst/O
                         net (fo=1, routed)           1.862    13.250    clk_IBUF
    BUFGCTRL_X0Y0        BUFG (Prop_bufg_I_O)         0.091    13.341 r  clk_IBUF_BUFG_inst/O
                         net (fo=139, routed)         1.440    14.781    clock/clk_IBUF_BUFG
    SLICE_X43Y33         FDRE                                         r  clock/clkc_reg[29]/C
                         clock pessimism              0.274    15.055    
                         clock uncertainty           -0.035    15.020    
    SLICE_X43Y33         FDRE (Setup_fdre_C_D)        0.062    15.082    clock/clkc_reg[29]
  -------------------------------------------------------------------
                         required time                         15.082    
                         arrival time                         -10.241    
  -------------------------------------------------------------------
                         slack                                  4.841    

Slack (MET) :             4.862ns  (required time - arrival time)
  Source:                 clock/clkc_reg[4]/C
                            (rising edge-triggered cell FDRE clocked by sys_clk_pin  {rise@0.000ns fall@5.000ns period=10.000ns})
  Destination:            clock/clkc_reg[31]/D
                            (rising edge-triggered cell FDRE clocked by sys_clk_pin  {rise@0.000ns fall@5.000ns period=10.000ns})
  Path Group:             sys_clk_pin
  Path Type:              Setup (Max at Slow Process Corner)
  Requirement:            10.000ns  (sys_clk_pin rise@10.000ns - sys_clk_pin rise@0.000ns)
  Data Path Delay:        5.150ns  (logic 2.481ns (48.179%)  route 2.669ns (51.821%))
  Logic Levels:           12  (CARRY4=8 LUT2=1 LUT4=2 LUT5=1)
  Clock Path Skew:        -0.015ns (DCD - SCD + CPR)
    Destination Clock Delay (DCD):    4.781ns = ( 14.781 - 10.000 ) 
    Source Clock Delay      (SCD):    5.070ns
    Clock Pessimism Removal (CPR):    0.274ns
  Clock Uncertainty:      0.035ns  ((TSJ^2 + TIJ^2)^1/2 + DJ) / 2 + PE
    Total System Jitter     (TSJ):    0.071ns
    Total Input Jitter      (TIJ):    0.000ns
    Discrete Jitter          (DJ):    0.000ns
    Phase Error              (PE):    0.000ns

    Location             Delay type                Incr(ns)  Path(ns)    Netlist Resource(s)
  -------------------------------------------------------------------    -------------------
                         (clock sys_clk_pin rise edge)
                                                      0.000     0.000 r  
    W5                                                0.000     0.000 r  clk (IN)
                         net (fo=0)                   0.000     0.000    clk
    W5                   IBUF (Prop_ibuf_I_O)         1.458     1.458 r  clk_IBUF_inst/O
                         net (fo=1, routed)           1.967     3.425    clk_IBUF
    BUFGCTRL_X0Y0        BUFG (Prop_bufg_I_O)         0.096     3.521 r  clk_IBUF_BUFG_inst/O
                         net (fo=139, routed)         1.549     5.070    clock/clk_IBUF_BUFG
    SLICE_X43Y27         FDRE                                         r  clock/clkc_reg[4]/C
  -------------------------------------------------------------------    -------------------
    SLICE_X43Y27         FDRE (Prop_fdre_C_Q)         0.456     5.526 f  clock/clkc_reg[4]/Q
                         net (fo=2, routed)           0.844     6.370    clock/clkc_reg[4]
    SLICE_X42Y29         LUT4 (Prop_lut4_I1_O)        0.124     6.494 f  clock/sec[5]_i_8/O
                         net (fo=1, routed)           0.663     7.157    clock/sec[5]_i_8_n_0
    SLICE_X42Y29         LUT5 (Prop_lut5_I4_O)        0.124     7.281 f  clock/sec[5]_i_4/O
                         net (fo=1, routed)           0.670     7.951    clock/sec[5]_i_4_n_0
    SLICE_X42Y29         LUT4 (Prop_lut4_I0_O)        0.124     8.075 r  clock/sec[5]_i_3/O
                         net (fo=16, routed)          0.492     8.567    clock/sec[5]_i_3_n_0
    SLICE_X43Y26         LUT2 (Prop_lut2_I1_O)        0.124     8.691 r  clock/clkc[0]_i_3/O
                         net (fo=1, routed)           0.000     8.691    clock/clkc[0]_i_3_n_0
    SLICE_X43Y26         CARRY4 (Prop_carry4_S[0]_CO[3])
                                                      0.532     9.223 r  clock/clkc_reg[0]_i_2/CO[3]
                         net (fo=1, routed)           0.000     9.223    clock/clkc_reg[0]_i_2_n_0
    SLICE_X43Y27         CARRY4 (Prop_carry4_CI_CO[3])
                                                      0.114     9.337 r  clock/clkc_reg[4]_i_1/CO[3]
                         net (fo=1, routed)           0.000     9.337    clock/clkc_reg[4]_i_1_n_0
    SLICE_X43Y28         CARRY4 (Prop_carry4_CI_CO[3])
                                                      0.114     9.451 r  clock/clkc_reg[8]_i_1/CO[3]
                         net (fo=1, routed)           0.000     9.451    clock/clkc_reg[8]_i_1_n_0
    SLICE_X43Y29         CARRY4 (Prop_carry4_CI_CO[3])
                                                      0.114     9.565 r  clock/clkc_reg[12]_i_1/CO[3]
                         net (fo=1, routed)           0.000     9.565    clock/clkc_reg[12]_i_1_n_0
    SLICE_X43Y30         CARRY4 (Prop_carry4_CI_CO[3])
                                                      0.114     9.679 r  clock/clkc_reg[16]_i_1/CO[3]
                         net (fo=1, routed)           0.000     9.679    clock/clkc_reg[16]_i_1_n_0
    SLICE_X43Y31         CARRY4 (Prop_carry4_CI_CO[3])
                                                      0.114     9.793 r  clock/clkc_reg[20]_i_1/CO[3]
                         net (fo=1, routed)           0.000     9.793    clock/clkc_reg[20]_i_1_n_0
    SLICE_X43Y32         CARRY4 (Prop_carry4_CI_CO[3])
                                                      0.114     9.907 r  clock/clkc_reg[24]_i_1/CO[3]
                         net (fo=1, routed)           0.000     9.907    clock/clkc_reg[24]_i_1_n_0
    SLICE_X43Y33         CARRY4 (Prop_carry4_CI_O[3])
                                                      0.313    10.220 r  clock/clkc_reg[28]_i_1/O[3]
                         net (fo=1, routed)           0.000    10.220    clock/clkc_reg[28]_i_1_n_4
    SLICE_X43Y33         FDRE                                         r  clock/clkc_reg[31]/D
  -------------------------------------------------------------------    -------------------

                         (clock sys_clk_pin rise edge)
                                                     10.000    10.000 r  
    W5                                                0.000    10.000 r  clk (IN)
                         net (fo=0)                   0.000    10.000    clk
    W5                   IBUF (Prop_ibuf_I_O)         1.388    11.388 r  clk_IBUF_inst/O
                         net (fo=1, routed)           1.862    13.250    clk_IBUF
    BUFGCTRL_X0Y0        BUFG (Prop_bufg_I_O)         0.091    13.341 r  clk_IBUF_BUFG_inst/O
                         net (fo=139, routed)         1.440    14.781    clock/clk_IBUF_BUFG
    SLICE_X43Y33         FDRE                                         r  clock/clkc_reg[31]/C
                         clock pessimism              0.274    15.055    
                         clock uncertainty           -0.035    15.020    
    SLICE_X43Y33         FDRE (Setup_fdre_C_D)        0.062    15.082    clock/clkc_reg[31]
  -------------------------------------------------------------------
                         required time                         15.082    
                         arrival time                         -10.220    
  -------------------------------------------------------------------
                         slack                                  4.862    

Slack (MET) :             4.936ns  (required time - arrival time)
  Source:                 clock/clkc_reg[4]/C
                            (rising edge-triggered cell FDRE clocked by sys_clk_pin  {rise@0.000ns fall@5.000ns period=10.000ns})
  Destination:            clock/clkc_reg[30]/D
                            (rising edge-triggered cell FDRE clocked by sys_clk_pin  {rise@0.000ns fall@5.000ns period=10.000ns})
  Path Group:             sys_clk_pin
  Path Type:              Setup (Max at Slow Process Corner)
  Requirement:            10.000ns  (sys_clk_pin rise@10.000ns - sys_clk_pin rise@0.000ns)
  Data Path Delay:        5.076ns  (logic 2.407ns (47.423%)  route 2.669ns (52.577%))
  Logic Levels:           12  (CARRY4=8 LUT2=1 LUT4=2 LUT5=1)
  Clock Path Skew:        -0.015ns (DCD - SCD + CPR)
    Destination Clock Delay (DCD):    4.781ns = ( 14.781 - 10.000 ) 
    Source Clock Delay      (SCD):    5.070ns
    Clock Pessimism Removal (CPR):    0.274ns
  Clock Uncertainty:      0.035ns  ((TSJ^2 + TIJ^2)^1/2 + DJ) / 2 + PE
    Total System Jitter     (TSJ):    0.071ns
    Total Input Jitter      (TIJ):    0.000ns
    Discrete Jitter          (DJ):    0.000ns
    Phase Error              (PE):    0.000ns

    Location             Delay type                Incr(ns)  Path(ns)    Netlist Resource(s)
  -------------------------------------------------------------------    -------------------
                         (clock sys_clk_pin rise edge)
                                                      0.000     0.000 r  
    W5                                                0.000     0.000 r  clk (IN)
                         net (fo=0)                   0.000     0.000    clk
    W5                   IBUF (Prop_ibuf_I_O)         1.458     1.458 r  clk_IBUF_inst/O
                         net (fo=1, routed)           1.967     3.425    clk_IBUF
    BUFGCTRL_X0Y0        BUFG (Prop_bufg_I_O)         0.096     3.521 r  clk_IBUF_BUFG_inst/O
                         net (fo=139, routed)         1.549     5.070    clock/clk_IBUF_BUFG
    SLICE_X43Y27         FDRE                                         r  clock/clkc_reg[4]/C
  -------------------------------------------------------------------    -------------------
    SLICE_X43Y27         FDRE (Prop_fdre_C_Q)         0.456     5.526 f  clock/clkc_reg[4]/Q
                         net (fo=2, routed)           0.844     6.370    clock/clkc_reg[4]
    SLICE_X42Y29         LUT4 (Prop_lut4_I1_O)        0.124     6.494 f  clock/sec[5]_i_8/O
                         net (fo=1, routed)           0.663     7.157    clock/sec[5]_i_8_n_0
    SLICE_X42Y29         LUT5 (Prop_lut5_I4_O)        0.124     7.281 f  clock/sec[5]_i_4/O
                         net (fo=1, routed)           0.670     7.951    clock/sec[5]_i_4_n_0
    SLICE_X42Y29         LUT4 (Prop_lut4_I0_O)        0.124     8.075 r  clock/sec[5]_i_3/O
                         net (fo=16, routed)          0.492     8.567    clock/sec[5]_i_3_n_0
    SLICE_X43Y26         LUT2 (Prop_lut2_I1_O)        0.124     8.691 r  clock/clkc[0]_i_3/O
                         net (fo=1, routed)           0.000     8.691    clock/clkc[0]_i_3_n_0
    SLICE_X43Y26         CARRY4 (Prop_carry4_S[0]_CO[3])
                                                      0.532     9.223 r  clock/clkc_reg[0]_i_2/CO[3]
                         net (fo=1, routed)           0.000     9.223    clock/clkc_reg[0]_i_2_n_0
    SLICE_X43Y27         CARRY4 (Prop_carry4_CI_CO[3])
                                                      0.114     9.337 r  clock/clkc_reg[4]_i_1/CO[3]
                         net (fo=1, routed)           0.000     9.337    clock/clkc_reg[4]_i_1_n_0
    SLICE_X43Y28         CARRY4 (Prop_carry4_CI_CO[3])
                                                      0.114     9.451 r  clock/clkc_reg[8]_i_1/CO[3]
                         net (fo=1, routed)           0.000     9.451    clock/clkc_reg[8]_i_1_n_0
    SLICE_X43Y29         CARRY4 (Prop_carry4_CI_CO[3])
                                                      0.114     9.565 r  clock/clkc_reg[12]_i_1/CO[3]
                         net (fo=1, routed)           0.000     9.565    clock/clkc_reg[12]_i_1_n_0
    SLICE_X43Y30         CARRY4 (Prop_carry4_CI_CO[3])
                                                      0.114     9.679 r  clock/clkc_reg[16]_i_1/CO[3]
                         net (fo=1, routed)           0.000     9.679    clock/clkc_reg[16]_i_1_n_0
    SLICE_X43Y31         CARRY4 (Prop_carry4_CI_CO[3])
                                                      0.114     9.793 r  clock/clkc_reg[20]_i_1/CO[3]
                         net (fo=1, routed)           0.000     9.793    clock/clkc_reg[20]_i_1_n_0
    SLICE_X43Y32         CARRY4 (Prop_carry4_CI_CO[3])
                                                      0.114     9.907 r  clock/clkc_reg[24]_i_1/CO[3]
                         net (fo=1, routed)           0.000     9.907    clock/clkc_reg[24]_i_1_n_0
    SLICE_X43Y33         CARRY4 (Prop_carry4_CI_O[2])
                                                      0.239    10.146 r  clock/clkc_reg[28]_i_1/O[2]
                         net (fo=1, routed)           0.000    10.146    clock/clkc_reg[28]_i_1_n_5
    SLICE_X43Y33         FDRE                                         r  clock/clkc_reg[30]/D
  -------------------------------------------------------------------    -------------------

                         (clock sys_clk_pin rise edge)
                                                     10.000    10.000 r  
    W5                                                0.000    10.000 r  clk (IN)
                         net (fo=0)                   0.000    10.000    clk
    W5                   IBUF (Prop_ibuf_I_O)         1.388    11.388 r  clk_IBUF_inst/O
                         net (fo=1, routed)           1.862    13.250    clk_IBUF
    BUFGCTRL_X0Y0        BUFG (Prop_bufg_I_O)         0.091    13.341 r  clk_IBUF_BUFG_inst/O
                         net (fo=139, routed)         1.440    14.781    clock/clk_IBUF_BUFG
    SLICE_X43Y33         FDRE                                         r  clock/clkc_reg[30]/C
                         clock pessimism              0.274    15.055    
                         clock uncertainty           -0.035    15.020    
    SLICE_X43Y33         FDRE (Setup_fdre_C_D)        0.062    15.082    clock/clkc_reg[30]
  -------------------------------------------------------------------
                         required time                         15.082    
                         arrival time                         -10.146    
  -------------------------------------------------------------------
                         slack                                  4.936    

Slack (MET) :             4.952ns  (required time - arrival time)
  Source:                 clock/clkc_reg[4]/C
                            (rising edge-triggered cell FDRE clocked by sys_clk_pin  {rise@0.000ns fall@5.000ns period=10.000ns})
  Destination:            clock/clkc_reg[28]/D
                            (rising edge-triggered cell FDRE clocked by sys_clk_pin  {rise@0.000ns fall@5.000ns period=10.000ns})
  Path Group:             sys_clk_pin
  Path Type:              Setup (Max at Slow Process Corner)
  Requirement:            10.000ns  (sys_clk_pin rise@10.000ns - sys_clk_pin rise@0.000ns)
  Data Path Delay:        5.060ns  (logic 2.391ns (47.257%)  route 2.669ns (52.743%))
  Logic Levels:           12  (CARRY4=8 LUT2=1 LUT4=2 LUT5=1)
  Clock Path Skew:        -0.015ns (DCD - SCD + CPR)
    Destination Clock Delay (DCD):    4.781ns = ( 14.781 - 10.000 ) 
    Source Clock Delay      (SCD):    5.070ns
    Clock Pessimism Removal (CPR):    0.274ns
  Clock Uncertainty:      0.035ns  ((TSJ^2 + TIJ^2)^1/2 + DJ) / 2 + PE
    Total System Jitter     (TSJ):    0.071ns
    Total Input Jitter      (TIJ):    0.000ns
    Discrete Jitter          (DJ):    0.000ns
    Phase Error              (PE):    0.000ns

    Location             Delay type                Incr(ns)  Path(ns)    Netlist Resource(s)
  -------------------------------------------------------------------    -------------------
                         (clock sys_clk_pin rise edge)
                                                      0.000     0.000 r  
    W5                                                0.000     0.000 r  clk (IN)
                         net (fo=0)                   0.000     0.000    clk
    W5                   IBUF (Prop_ibuf_I_O)         1.458     1.458 r  clk_IBUF_inst/O
                         net (fo=1, routed)           1.967     3.425    clk_IBUF
    BUFGCTRL_X0Y0        BUFG (Prop_bufg_I_O)         0.096     3.521 r  clk_IBUF_BUFG_inst/O
                         net (fo=139, routed)         1.549     5.070    clock/clk_IBUF_BUFG
    SLICE_X43Y27         FDRE                                         r  clock/clkc_reg[4]/C
  -------------------------------------------------------------------    -------------------
    SLICE_X43Y27         FDRE (Prop_fdre_C_Q)         0.456     5.526 f  clock/clkc_reg[4]/Q
                         net (fo=2, routed)           0.844     6.370    clock/clkc_reg[4]
    SLICE_X42Y29         LUT4 (Prop_lut4_I1_O)        0.124     6.494 f  clock/sec[5]_i_8/O
                         net (fo=1, routed)           0.663     7.157    clock/sec[5]_i_8_n_0
    SLICE_X42Y29         LUT5 (Prop_lut5_I4_O)        0.124     7.281 f  clock/sec[5]_i_4/O
                         net (fo=1, routed)           0.670     7.951    clock/sec[5]_i_4_n_0
    SLICE_X42Y29         LUT4 (Prop_lut4_I0_O)        0.124     8.075 r  clock/sec[5]_i_3/O
                         net (fo=16, routed)          0.492     8.567    clock/sec[5]_i_3_n_0
    SLICE_X43Y26         LUT2 (Prop_lut2_I1_O)        0.124     8.691 r  clock/clkc[0]_i_3/O
                         net (fo=1, routed)           0.000     8.691    clock/clkc[0]_i_3_n_0
    SLICE_X43Y26         CARRY4 (Prop_carry4_S[0]_CO[3])
                                                      0.532     9.223 r  clock/clkc_reg[0]_i_2/CO[3]
                         net (fo=1, routed)           0.000     9.223    clock/clkc_reg[0]_i_2_n_0
    SLICE_X43Y27         CARRY4 (Prop_carry4_CI_CO[3])
                                                      0.114     9.337 r  clock/clkc_reg[4]_i_1/CO[3]
                         net (fo=1, routed)           0.000     9.337    clock/clkc_reg[4]_i_1_n_0
    SLICE_X43Y28         CARRY4 (Prop_carry4_CI_CO[3])
                                                      0.114     9.451 r  clock/clkc_reg[8]_i_1/CO[3]
                         net (fo=1, routed)           0.000     9.451    clock/clkc_reg[8]_i_1_n_0
    SLICE_X43Y29         CARRY4 (Prop_carry4_CI_CO[3])
                                                      0.114     9.565 r  clock/clkc_reg[12]_i_1/CO[3]
                         net (fo=1, routed)           0.000     9.565    clock/clkc_reg[12]_i_1_n_0
    SLICE_X43Y30         CARRY4 (Prop_carry4_CI_CO[3])
                                                      0.114     9.679 r  clock/clkc_reg[16]_i_1/CO[3]
                         net (fo=1, routed)           0.000     9.679    clock/clkc_reg[16]_i_1_n_0
    SLICE_X43Y31         CARRY4 (Prop_carry4_CI_CO[3])
                                                      0.114     9.793 r  clock/clkc_reg[20]_i_1/CO[3]
                         net (fo=1, routed)           0.000     9.793    clock/clkc_reg[20]_i_1_n_0
    SLICE_X43Y32         CARRY4 (Prop_carry4_CI_CO[3])
                                                      0.114     9.907 r  clock/clkc_reg[24]_i_1/CO[3]
                         net (fo=1, routed)           0.000     9.907    clock/clkc_reg[24]_i_1_n_0
    SLICE_X43Y33         CARRY4 (Prop_carry4_CI_O[0])
                                                      0.223    10.130 r  clock/clkc_reg[28]_i_1/O[0]
                         net (fo=1, routed)           0.000    10.130    clock/clkc_reg[28]_i_1_n_7
    SLICE_X43Y33         FDRE                                         r  clock/clkc_reg[28]/D
  -------------------------------------------------------------------    -------------------

                         (clock sys_clk_pin rise edge)
                                                     10.000    10.000 r  
    W5                                                0.000    10.000 r  clk (IN)
                         net (fo=0)                   0.000    10.000    clk
    W5                   IBUF (Prop_ibuf_I_O)         1.388    11.388 r  clk_IBUF_inst/O
                         net (fo=1, routed)           1.862    13.250    clk_IBUF
    BUFGCTRL_X0Y0        BUFG (Prop_bufg_I_O)         0.091    13.341 r  clk_IBUF_BUFG_inst/O
                         net (fo=139, routed)         1.440    14.781    clock/clk_IBUF_BUFG
    SLICE_X43Y33         FDRE                                         r  clock/clkc_reg[28]/C
                         clock pessimism              0.274    15.055    
                         clock uncertainty           -0.035    15.020    
    SLICE_X43Y33         FDRE (Setup_fdre_C_D)        0.062    15.082    clock/clkc_reg[28]
  -------------------------------------------------------------------
                         required time                         15.082    
                         arrival time                         -10.130    
  -------------------------------------------------------------------
                         slack                                  4.952    

Slack (MET) :             4.954ns  (required time - arrival time)
  Source:                 clock/clkc_reg[4]/C
                            (rising edge-triggered cell FDRE clocked by sys_clk_pin  {rise@0.000ns fall@5.000ns period=10.000ns})
  Destination:            clock/clkc_reg[25]/D
                            (rising edge-triggered cell FDRE clocked by sys_clk_pin  {rise@0.000ns fall@5.000ns period=10.000ns})
  Path Group:             sys_clk_pin
  Path Type:              Setup (Max at Slow Process Corner)
  Requirement:            10.000ns  (sys_clk_pin rise@10.000ns - sys_clk_pin rise@0.000ns)
  Data Path Delay:        5.057ns  (logic 2.388ns (47.226%)  route 2.669ns (52.774%))
  Logic Levels:           11  (CARRY4=7 LUT2=1 LUT4=2 LUT5=1)
  Clock Path Skew:        -0.016ns (DCD - SCD + CPR)
    Destination Clock Delay (DCD):    4.780ns = ( 14.780 - 10.000 ) 
    Source Clock Delay      (SCD):    5.070ns
    Clock Pessimism Removal (CPR):    0.274ns
  Clock Uncertainty:      0.035ns  ((TSJ^2 + TIJ^2)^1/2 + DJ) / 2 + PE
    Total System Jitter     (TSJ):    0.071ns
    Total Input Jitter      (TIJ):    0.000ns
    Discrete Jitter          (DJ):    0.000ns
    Phase Error              (PE):    0.000ns

    Location             Delay type                Incr(ns)  Path(ns)    Netlist Resource(s)
  -------------------------------------------------------------------    -------------------
                         (clock sys_clk_pin rise edge)
                                                      0.000     0.000 r  
    W5                                                0.000     0.000 r  clk (IN)
                         net (fo=0)                   0.000     0.000    clk
    W5                   IBUF (Prop_ibuf_I_O)         1.458     1.458 r  clk_IBUF_inst/O
                         net (fo=1, routed)           1.967     3.425    clk_IBUF
    BUFGCTRL_X0Y0        BUFG (Prop_bufg_I_O)         0.096     3.521 r  clk_IBUF_BUFG_inst/O
                         net (fo=139, routed)         1.549     5.070    clock/clk_IBUF_BUFG
    SLICE_X43Y27         FDRE                                         r  clock/clkc_reg[4]/C
  -------------------------------------------------------------------    -------------------
    SLICE_X43Y27         FDRE (Prop_fdre_C_Q)         0.456     5.526 f  clock/clkc_reg[4]/Q
                         net (fo=2, routed)           0.844     6.370    clock/clkc_reg[4]
    SLICE_X42Y29         LUT4 (Prop_lut4_I1_O)        0.124     6.494 f  clock/sec[5]_i_8/O
                         net (fo=1, routed)           0.663     7.157    clock/sec[5]_i_8_n_0
    SLICE_X42Y29         LUT5 (Prop_lut5_I4_O)        0.124     7.281 f  clock/sec[5]_i_4/O
                         net (fo=1, routed)           0.670     7.951    clock/sec[5]_i_4_n_0
    SLICE_X42Y29         LUT4 (Prop_lut4_I0_O)        0.124     8.075 r  clock/sec[5]_i_3/O
                         net (fo=16, routed)          0.492     8.567    clock/sec[5]_i_3_n_0
    SLICE_X43Y26         LUT2 (Prop_lut2_I1_O)        0.124     8.691 r  clock/clkc[0]_i_3/O
                         net (fo=1, routed)           0.000     8.691    clock/clkc[0]_i_3_n_0
    SLICE_X43Y26         CARRY4 (Prop_carry4_S[0]_CO[3])
                                                      0.532     9.223 r  clock/clkc_reg[0]_i_2/CO[3]
                         net (fo=1, routed)           0.000     9.223    clock/clkc_reg[0]_i_2_n_0
    SLICE_X43Y27         CARRY4 (Prop_carry4_CI_CO[3])
                                                      0.114     9.337 r  clock/clkc_reg[4]_i_1/CO[3]
                         net (fo=1, routed)           0.000     9.337    clock/clkc_reg[4]_i_1_n_0
    SLICE_X43Y28         CARRY4 (Prop_carry4_CI_CO[3])
                                                      0.114     9.451 r  clock/clkc_reg[8]_i_1/CO[3]
                         net (fo=1, routed)           0.000     9.451    clock/clkc_reg[8]_i_1_n_0
    SLICE_X43Y29         CARRY4 (Prop_carry4_CI_CO[3])
                                                      0.114     9.565 r  clock/clkc_reg[12]_i_1/CO[3]
                         net (fo=1, routed)           0.000     9.565    clock/clkc_reg[12]_i_1_n_0
    SLICE_X43Y30         CARRY4 (Prop_carry4_CI_CO[3])
                                                      0.114     9.679 r  clock/clkc_reg[16]_i_1/CO[3]
                         net (fo=1, routed)           0.000     9.679    clock/clkc_reg[16]_i_1_n_0
    SLICE_X43Y31         CARRY4 (Prop_carry4_CI_CO[3])
                                                      0.114     9.793 r  clock/clkc_reg[20]_i_1/CO[3]
                         net (fo=1, routed)           0.000     9.793    clock/clkc_reg[20]_i_1_n_0
    SLICE_X43Y32         CARRY4 (Prop_carry4_CI_O[1])
                                                      0.334    10.127 r  clock/clkc_reg[24]_i_1/O[1]
                         net (fo=1, routed)           0.000    10.127    clock/clkc_reg[24]_i_1_n_6
    SLICE_X43Y32         FDRE                                         r  clock/clkc_reg[25]/D
  -------------------------------------------------------------------    -------------------

                         (clock sys_clk_pin rise edge)
                                                     10.000    10.000 r  
    W5                                                0.000    10.000 r  clk (IN)
                         net (fo=0)                   0.000    10.000    clk
    W5                   IBUF (Prop_ibuf_I_O)         1.388    11.388 r  clk_IBUF_inst/O
                         net (fo=1, routed)           1.862    13.250    clk_IBUF
    BUFGCTRL_X0Y0        BUFG (Prop_bufg_I_O)         0.091    13.341 r  clk_IBUF_BUFG_inst/O
                         net (fo=139, routed)         1.439    14.780    clock/clk_IBUF_BUFG
    SLICE_X43Y32         FDRE                                         r  clock/clkc_reg[25]/C
                         clock pessimism              0.274    15.054    
                         clock uncertainty           -0.035    15.019    
    SLICE_X43Y32         FDRE (Setup_fdre_C_D)        0.062    15.081    clock/clkc_reg[25]
  -------------------------------------------------------------------
                         required time                         15.081    
                         arrival time                         -10.127    
  -------------------------------------------------------------------
                         slack                                  4.954    

Slack (MET) :             4.975ns  (required time - arrival time)
  Source:                 clock/clkc_reg[4]/C
                            (rising edge-triggered cell FDRE clocked by sys_clk_pin  {rise@0.000ns fall@5.000ns period=10.000ns})
  Destination:            clock/clkc_reg[27]/D
                            (rising edge-triggered cell FDRE clocked by sys_clk_pin  {rise@0.000ns fall@5.000ns period=10.000ns})
  Path Group:             sys_clk_pin
  Path Type:              Setup (Max at Slow Process Corner)
  Requirement:            10.000ns  (sys_clk_pin rise@10.000ns - sys_clk_pin rise@0.000ns)
  Data Path Delay:        5.036ns  (logic 2.367ns (47.005%)  route 2.669ns (52.994%))
  Logic Levels:           11  (CARRY4=7 LUT2=1 LUT4=2 LUT5=1)
  Clock Path Skew:        -0.016ns (DCD - SCD + CPR)
    Destination Clock Delay (DCD):    4.780ns = ( 14.780 - 10.000 ) 
    Source Clock Delay      (SCD):    5.070ns
    Clock Pessimism Removal (CPR):    0.274ns
  Clock Uncertainty:      0.035ns  ((TSJ^2 + TIJ^2)^1/2 + DJ) / 2 + PE
    Total System Jitter     (TSJ):    0.071ns
    Total Input Jitter      (TIJ):    0.000ns
    Discrete Jitter          (DJ):    0.000ns
    Phase Error              (PE):    0.000ns

    Location             Delay type                Incr(ns)  Path(ns)    Netlist Resource(s)
  -------------------------------------------------------------------    -------------------
                         (clock sys_clk_pin rise edge)
                                                      0.000     0.000 r  
    W5                                                0.000     0.000 r  clk (IN)
                         net (fo=0)                   0.000     0.000    clk
    W5                   IBUF (Prop_ibuf_I_O)         1.458     1.458 r  clk_IBUF_inst/O
                         net (fo=1, routed)           1.967     3.425    clk_IBUF
    BUFGCTRL_X0Y0        BUFG (Prop_bufg_I_O)         0.096     3.521 r  clk_IBUF_BUFG_inst/O
                         net (fo=139, routed)         1.549     5.070    clock/clk_IBUF_BUFG
    SLICE_X43Y27         FDRE                                         r  clock/clkc_reg[4]/C
  -------------------------------------------------------------------    -------------------
    SLICE_X43Y27         FDRE (Prop_fdre_C_Q)         0.456     5.526 f  clock/clkc_reg[4]/Q
                         net (fo=2, routed)           0.844     6.370    clock/clkc_reg[4]
    SLICE_X42Y29         LUT4 (Prop_lut4_I1_O)        0.124     6.494 f  clock/sec[5]_i_8/O
                         net (fo=1, routed)           0.663     7.157    clock/sec[5]_i_8_n_0
    SLICE_X42Y29         LUT5 (Prop_lut5_I4_O)        0.124     7.281 f  clock/sec[5]_i_4/O
                         net (fo=1, routed)           0.670     7.951    clock/sec[5]_i_4_n_0
    SLICE_X42Y29         LUT4 (Prop_lut4_I0_O)        0.124     8.075 r  clock/sec[5]_i_3/O
                         net (fo=16, routed)          0.492     8.567    clock/sec[5]_i_3_n_0
    SLICE_X43Y26         LUT2 (Prop_lut2_I1_O)        0.124     8.691 r  clock/clkc[0]_i_3/O
                         net (fo=1, routed)           0.000     8.691    clock/clkc[0]_i_3_n_0
    SLICE_X43Y26         CARRY4 (Prop_carry4_S[0]_CO[3])
                                                      0.532     9.223 r  clock/clkc_reg[0]_i_2/CO[3]
                         net (fo=1, routed)           0.000     9.223    clock/clkc_reg[0]_i_2_n_0
    SLICE_X43Y27         CARRY4 (Prop_carry4_CI_CO[3])
                                                      0.114     9.337 r  clock/clkc_reg[4]_i_1/CO[3]
                         net (fo=1, routed)           0.000     9.337    clock/clkc_reg[4]_i_1_n_0
    SLICE_X43Y28         CARRY4 (Prop_carry4_CI_CO[3])
                                                      0.114     9.451 r  clock/clkc_reg[8]_i_1/CO[3]
                         net (fo=1, routed)           0.000     9.451    clock/clkc_reg[8]_i_1_n_0
    SLICE_X43Y29         CARRY4 (Prop_carry4_CI_CO[3])
                                                      0.114     9.565 r  clock/clkc_reg[12]_i_1/CO[3]
                         net (fo=1, routed)           0.000     9.565    clock/clkc_reg[12]_i_1_n_0
    SLICE_X43Y30         CARRY4 (Prop_carry4_CI_CO[3])
                                                      0.114     9.679 r  clock/clkc_reg[16]_i_1/CO[3]
                         net (fo=1, routed)           0.000     9.679    clock/clkc_reg[16]_i_1_n_0
    SLICE_X43Y31         CARRY4 (Prop_carry4_CI_CO[3])
                                                      0.114     9.793 r  clock/clkc_reg[20]_i_1/CO[3]
                         net (fo=1, routed)           0.000     9.793    clock/clkc_reg[20]_i_1_n_0
    SLICE_X43Y32         CARRY4 (Prop_carry4_CI_O[3])
                                                      0.313    10.106 r  clock/clkc_reg[24]_i_1/O[3]
                         net (fo=1, routed)           0.000    10.106    clock/clkc_reg[24]_i_1_n_4
    SLICE_X43Y32         FDRE                                         r  clock/clkc_reg[27]/D
  -------------------------------------------------------------------    -------------------

                         (clock sys_clk_pin rise edge)
                                                     10.000    10.000 r  
    W5                                                0.000    10.000 r  clk (IN)
                         net (fo=0)                   0.000    10.000    clk
    W5                   IBUF (Prop_ibuf_I_O)         1.388    11.388 r  clk_IBUF_inst/O
                         net (fo=1, routed)           1.862    13.250    clk_IBUF
    BUFGCTRL_X0Y0        BUFG (Prop_bufg_I_O)         0.091    13.341 r  clk_IBUF_BUFG_inst/O
                         net (fo=139, routed)         1.439    14.780    clock/clk_IBUF_BUFG
    SLICE_X43Y32         FDRE                                         r  clock/clkc_reg[27]/C
                         clock pessimism              0.274    15.054    
                         clock uncertainty           -0.035    15.019    
    SLICE_X43Y32         FDRE (Setup_fdre_C_D)        0.062    15.081    clock/clkc_reg[27]
  -------------------------------------------------------------------
                         required time                         15.081    
                         arrival time                         -10.106    
  -------------------------------------------------------------------
                         slack                                  4.975    

Slack (MET) :             5.041ns  (required time - arrival time)
  Source:                 clock/clkc_reg[4]/C
                            (rising edge-triggered cell FDRE clocked by sys_clk_pin  {rise@0.000ns fall@5.000ns period=10.000ns})
  Destination:            clock/sec_reg[0]/CE
                            (rising edge-triggered cell FDRE clocked by sys_clk_pin  {rise@0.000ns fall@5.000ns period=10.000ns})
  Path Group:             sys_clk_pin
  Path Type:              Setup (Max at Slow Process Corner)
  Requirement:            10.000ns  (sys_clk_pin rise@10.000ns - sys_clk_pin rise@0.000ns)
  Data Path Delay:        4.725ns  (logic 0.952ns (20.147%)  route 3.773ns (79.853%))
  Logic Levels:           4  (LUT4=3 LUT5=1)
  Clock Path Skew:        -0.029ns (DCD - SCD + CPR)
    Destination Clock Delay (DCD):    4.781ns = ( 14.781 - 10.000 ) 
    Source Clock Delay      (SCD):    5.070ns
    Clock Pessimism Removal (CPR):    0.260ns
  Clock Uncertainty:      0.035ns  ((TSJ^2 + TIJ^2)^1/2 + DJ) / 2 + PE
    Total System Jitter     (TSJ):    0.071ns
    Total Input Jitter      (TIJ):    0.000ns
    Discrete Jitter          (DJ):    0.000ns
    Phase Error              (PE):    0.000ns

    Location             Delay type                Incr(ns)  Path(ns)    Netlist Resource(s)
  -------------------------------------------------------------------    -------------------
                         (clock sys_clk_pin rise edge)
                                                      0.000     0.000 r  
    W5                                                0.000     0.000 r  clk (IN)
                         net (fo=0)                   0.000     0.000    clk
    W5                   IBUF (Prop_ibuf_I_O)         1.458     1.458 r  clk_IBUF_inst/O
                         net (fo=1, routed)           1.967     3.425    clk_IBUF
    BUFGCTRL_X0Y0        BUFG (Prop_bufg_I_O)         0.096     3.521 r  clk_IBUF_BUFG_inst/O
                         net (fo=139, routed)         1.549     5.070    clock/clk_IBUF_BUFG
    SLICE_X43Y27         FDRE                                         r  clock/clkc_reg[4]/C
  -------------------------------------------------------------------    -------------------
    SLICE_X43Y27         FDRE (Prop_fdre_C_Q)         0.456     5.526 f  clock/clkc_reg[4]/Q
                         net (fo=2, routed)           0.844     6.370    clock/clkc_reg[4]
    SLICE_X42Y29         LUT4 (Prop_lut4_I1_O)        0.124     6.494 f  clock/sec[5]_i_8/O
                         net (fo=1, routed)           0.663     7.157    clock/sec[5]_i_8_n_0
    SLICE_X42Y29         LUT5 (Prop_lut5_I4_O)        0.124     7.281 f  clock/sec[5]_i_4/O
                         net (fo=1, routed)           0.670     7.951    clock/sec[5]_i_4_n_0
    SLICE_X42Y29         LUT4 (Prop_lut4_I0_O)        0.124     8.075 r  clock/sec[5]_i_3/O
                         net (fo=16, routed)          1.107     9.182    clock/sec[5]_i_3_n_0
    SLICE_X41Y35         LUT4 (Prop_lut4_I0_O)        0.124     9.306 r  clock/sec[5]_i_1/O
                         net (fo=6, routed)           0.490     9.795    clock/sec
    SLICE_X38Y35         FDRE                                         r  clock/sec_reg[0]/CE
  -------------------------------------------------------------------    -------------------

                         (clock sys_clk_pin rise edge)
                                                     10.000    10.000 r  
    W5                                                0.000    10.000 r  clk (IN)
                         net (fo=0)                   0.000    10.000    clk
    W5                   IBUF (Prop_ibuf_I_O)         1.388    11.388 r  clk_IBUF_inst/O
                         net (fo=1, routed)           1.862    13.250    clk_IBUF
    BUFGCTRL_X0Y0        BUFG (Prop_bufg_I_O)         0.091    13.341 r  clk_IBUF_BUFG_inst/O
                         net (fo=139, routed)         1.440    14.781    clock/clk_IBUF_BUFG
    SLICE_X38Y35         FDRE                                         r  clock/sec_reg[0]/C
                         clock pessimism              0.260    15.041    
                         clock uncertainty           -0.035    15.006    
    SLICE_X38Y35         FDRE (Setup_fdre_C_CE)      -0.169    14.837    clock/sec_reg[0]
  -------------------------------------------------------------------
                         required time                         14.837    
                         arrival time                          -9.796    
  -------------------------------------------------------------------
                         slack                                  5.041    

Slack (MET) :             5.041ns  (required time - arrival time)
  Source:                 clock/clkc_reg[4]/C
                            (rising edge-triggered cell FDRE clocked by sys_clk_pin  {rise@0.000ns fall@5.000ns period=10.000ns})
  Destination:            clock/sec_reg[1]/CE
                            (rising edge-triggered cell FDRE clocked by sys_clk_pin  {rise@0.000ns fall@5.000ns period=10.000ns})
  Path Group:             sys_clk_pin
  Path Type:              Setup (Max at Slow Process Corner)
  Requirement:            10.000ns  (sys_clk_pin rise@10.000ns - sys_clk_pin rise@0.000ns)
  Data Path Delay:        4.725ns  (logic 0.952ns (20.147%)  route 3.773ns (79.853%))
  Logic Levels:           4  (LUT4=3 LUT5=1)
  Clock Path Skew:        -0.029ns (DCD - SCD + CPR)
    Destination Clock Delay (DCD):    4.781ns = ( 14.781 - 10.000 ) 
    Source Clock Delay      (SCD):    5.070ns
    Clock Pessimism Removal (CPR):    0.260ns
  Clock Uncertainty:      0.035ns  ((TSJ^2 + TIJ^2)^1/2 + DJ) / 2 + PE
    Total System Jitter     (TSJ):    0.071ns
    Total Input Jitter      (TIJ):    0.000ns
    Discrete Jitter          (DJ):    0.000ns
    Phase Error              (PE):    0.000ns

    Location             Delay type                Incr(ns)  Path(ns)    Netlist Resource(s)
  -------------------------------------------------------------------    -------------------
                         (clock sys_clk_pin rise edge)
                                                      0.000     0.000 r  
    W5                                                0.000     0.000 r  clk (IN)
                         net (fo=0)                   0.000     0.000    clk
    W5                   IBUF (Prop_ibuf_I_O)         1.458     1.458 r  clk_IBUF_inst/O
                         net (fo=1, routed)           1.967     3.425    clk_IBUF
    BUFGCTRL_X0Y0        BUFG (Prop_bufg_I_O)         0.096     3.521 r  clk_IBUF_BUFG_inst/O
                         net (fo=139, routed)         1.549     5.070    clock/clk_IBUF_BUFG
    SLICE_X43Y27         FDRE                                         r  clock/clkc_reg[4]/C
  -------------------------------------------------------------------    -------------------
    SLICE_X43Y27         FDRE (Prop_fdre_C_Q)         0.456     5.526 f  clock/clkc_reg[4]/Q
                         net (fo=2, routed)           0.844     6.370    clock/clkc_reg[4]
    SLICE_X42Y29         LUT4 (Prop_lut4_I1_O)        0.124     6.494 f  clock/sec[5]_i_8/O
                         net (fo=1, routed)           0.663     7.157    clock/sec[5]_i_8_n_0
    SLICE_X42Y29         LUT5 (Prop_lut5_I4_O)        0.124     7.281 f  clock/sec[5]_i_4/O
                         net (fo=1, routed)           0.670     7.951    clock/sec[5]_i_4_n_0
    SLICE_X42Y29         LUT4 (Prop_lut4_I0_O)        0.124     8.075 r  clock/sec[5]_i_3/O
                         net (fo=16, routed)          1.107     9.182    clock/sec[5]_i_3_n_0
    SLICE_X41Y35         LUT4 (Prop_lut4_I0_O)        0.124     9.306 r  clock/sec[5]_i_1/O
                         net (fo=6, routed)           0.490     9.795    clock/sec
    SLICE_X38Y35         FDRE                                         r  clock/sec_reg[1]/CE
  -------------------------------------------------------------------    -------------------

                         (clock sys_clk_pin rise edge)
                                                     10.000    10.000 r  
    W5                                                0.000    10.000 r  clk (IN)
                         net (fo=0)                   0.000    10.000    clk
    W5                   IBUF (Prop_ibuf_I_O)         1.388    11.388 r  clk_IBUF_inst/O
                         net (fo=1, routed)           1.862    13.250    clk_IBUF
    BUFGCTRL_X0Y0        BUFG (Prop_bufg_I_O)         0.091    13.341 r  clk_IBUF_BUFG_inst/O
                         net (fo=139, routed)         1.440    14.781    clock/clk_IBUF_BUFG
    SLICE_X38Y35         FDRE                                         r  clock/sec_reg[1]/C
                         clock pessimism              0.260    15.041    
                         clock uncertainty           -0.035    15.006    
    SLICE_X38Y35         FDRE (Setup_fdre_C_CE)      -0.169    14.837    clock/sec_reg[1]
  -------------------------------------------------------------------
                         required time                         14.837    
                         arrival time                          -9.796    
  -------------------------------------------------------------------
                         slack                                  5.041    

Slack (MET) :             5.041ns  (required time - arrival time)
  Source:                 clock/clkc_reg[4]/C
                            (rising edge-triggered cell FDRE clocked by sys_clk_pin  {rise@0.000ns fall@5.000ns period=10.000ns})
  Destination:            clock/sec_reg[3]/CE
                            (rising edge-triggered cell FDRE clocked by sys_clk_pin  {rise@0.000ns fall@5.000ns period=10.000ns})
  Path Group:             sys_clk_pin
  Path Type:              Setup (Max at Slow Process Corner)
  Requirement:            10.000ns  (sys_clk_pin rise@10.000ns - sys_clk_pin rise@0.000ns)
  Data Path Delay:        4.725ns  (logic 0.952ns (20.147%)  route 3.773ns (79.853%))
  Logic Levels:           4  (LUT4=3 LUT5=1)
  Clock Path Skew:        -0.029ns (DCD - SCD + CPR)
    Destination Clock Delay (DCD):    4.781ns = ( 14.781 - 10.000 ) 
    Source Clock Delay      (SCD):    5.070ns
    Clock Pessimism Removal (CPR):    0.260ns
  Clock Uncertainty:      0.035ns  ((TSJ^2 + TIJ^2)^1/2 + DJ) / 2 + PE
    Total System Jitter     (TSJ):    0.071ns
    Total Input Jitter      (TIJ):    0.000ns
    Discrete Jitter          (DJ):    0.000ns
    Phase Error              (PE):    0.000ns

    Location             Delay type                Incr(ns)  Path(ns)    Netlist Resource(s)
  -------------------------------------------------------------------    -------------------
                         (clock sys_clk_pin rise edge)
                                                      0.000     0.000 r  
    W5                                                0.000     0.000 r  clk (IN)
                         net (fo=0)                   0.000     0.000    clk
    W5                   IBUF (Prop_ibuf_I_O)         1.458     1.458 r  clk_IBUF_inst/O
                         net (fo=1, routed)           1.967     3.425    clk_IBUF
    BUFGCTRL_X0Y0        BUFG (Prop_bufg_I_O)         0.096     3.521 r  clk_IBUF_BUFG_inst/O
                         net (fo=139, routed)         1.549     5.070    clock/clk_IBUF_BUFG
    SLICE_X43Y27         FDRE                                         r  clock/clkc_reg[4]/C
  -------------------------------------------------------------------    -------------------
    SLICE_X43Y27         FDRE (Prop_fdre_C_Q)         0.456     5.526 f  clock/clkc_reg[4]/Q
                         net (fo=2, routed)           0.844     6.370    clock/clkc_reg[4]
    SLICE_X42Y29         LUT4 (Prop_lut4_I1_O)        0.124     6.494 f  clock/sec[5]_i_8/O
                         net (fo=1, routed)           0.663     7.157    clock/sec[5]_i_8_n_0
    SLICE_X42Y29         LUT5 (Prop_lut5_I4_O)        0.124     7.281 f  clock/sec[5]_i_4/O
                         net (fo=1, routed)           0.670     7.951    clock/sec[5]_i_4_n_0
    SLICE_X42Y29         LUT4 (Prop_lut4_I0_O)        0.124     8.075 r  clock/sec[5]_i_3/O
                         net (fo=16, routed)          1.107     9.182    clock/sec[5]_i_3_n_0
    SLICE_X41Y35         LUT4 (Prop_lut4_I0_O)        0.124     9.306 r  clock/sec[5]_i_1/O
                         net (fo=6, routed)           0.490     9.795    clock/sec
    SLICE_X38Y35         FDRE                                         r  clock/sec_reg[3]/CE
  -------------------------------------------------------------------    -------------------

                         (clock sys_clk_pin rise edge)
                                                     10.000    10.000 r  
    W5                                                0.000    10.000 r  clk (IN)
                         net (fo=0)                   0.000    10.000    clk
    W5                   IBUF (Prop_ibuf_I_O)         1.388    11.388 r  clk_IBUF_inst/O
                         net (fo=1, routed)           1.862    13.250    clk_IBUF
    BUFGCTRL_X0Y0        BUFG (Prop_bufg_I_O)         0.091    13.341 r  clk_IBUF_BUFG_inst/O
                         net (fo=139, routed)         1.440    14.781    clock/clk_IBUF_BUFG
    SLICE_X38Y35         FDRE                                         r  clock/sec_reg[3]/C
                         clock pessimism              0.260    15.041    
                         clock uncertainty           -0.035    15.006    
    SLICE_X38Y35         FDRE (Setup_fdre_C_CE)      -0.169    14.837    clock/sec_reg[3]
  -------------------------------------------------------------------
                         required time                         14.837    
                         arrival time                          -9.796    
  -------------------------------------------------------------------
                         slack                                  5.041    

Slack (MET) :             5.041ns  (required time - arrival time)
  Source:                 clock/clkc_reg[4]/C
                            (rising edge-triggered cell FDRE clocked by sys_clk_pin  {rise@0.000ns fall@5.000ns period=10.000ns})
  Destination:            clock/sec_reg[4]/CE
                            (rising edge-triggered cell FDRE clocked by sys_clk_pin  {rise@0.000ns fall@5.000ns period=10.000ns})
  Path Group:             sys_clk_pin
  Path Type:              Setup (Max at Slow Process Corner)
  Requirement:            10.000ns  (sys_clk_pin rise@10.000ns - sys_clk_pin rise@0.000ns)
  Data Path Delay:        4.725ns  (logic 0.952ns (20.147%)  route 3.773ns (79.853%))
  Logic Levels:           4  (LUT4=3 LUT5=1)
  Clock Path Skew:        -0.029ns (DCD - SCD + CPR)
    Destination Clock Delay (DCD):    4.781ns = ( 14.781 - 10.000 ) 
    Source Clock Delay      (SCD):    5.070ns
    Clock Pessimism Removal (CPR):    0.260ns
  Clock Uncertainty:      0.035ns  ((TSJ^2 + TIJ^2)^1/2 + DJ) / 2 + PE
    Total System Jitter     (TSJ):    0.071ns
    Total Input Jitter      (TIJ):    0.000ns
    Discrete Jitter          (DJ):    0.000ns
    Phase Error              (PE):    0.000ns

    Location             Delay type                Incr(ns)  Path(ns)    Netlist Resource(s)
  -------------------------------------------------------------------    -------------------
                         (clock sys_clk_pin rise edge)
                                                      0.000     0.000 r  
    W5                                                0.000     0.000 r  clk (IN)
                         net (fo=0)                   0.000     0.000    clk
    W5                   IBUF (Prop_ibuf_I_O)         1.458     1.458 r  clk_IBUF_inst/O
                         net (fo=1, routed)           1.967     3.425    clk_IBUF
    BUFGCTRL_X0Y0        BUFG (Prop_bufg_I_O)         0.096     3.521 r  clk_IBUF_BUFG_inst/O
                         net (fo=139, routed)         1.549     5.070    clock/clk_IBUF_BUFG
    SLICE_X43Y27         FDRE                                         r  clock/clkc_reg[4]/C
  -------------------------------------------------------------------    -------------------
    SLICE_X43Y27         FDRE (Prop_fdre_C_Q)         0.456     5.526 f  clock/clkc_reg[4]/Q
                         net (fo=2, routed)           0.844     6.370    clock/clkc_reg[4]
    SLICE_X42Y29         LUT4 (Prop_lut4_I1_O)        0.124     6.494 f  clock/sec[5]_i_8/O
                         net (fo=1, routed)           0.663     7.157    clock/sec[5]_i_8_n_0
    SLICE_X42Y29         LUT5 (Prop_lut5_I4_O)        0.124     7.281 f  clock/sec[5]_i_4/O
                         net (fo=1, routed)           0.670     7.951    clock/sec[5]_i_4_n_0
    SLICE_X42Y29         LUT4 (Prop_lut4_I0_O)        0.124     8.075 r  clock/sec[5]_i_3/O
                         net (fo=16, routed)          1.107     9.182    clock/sec[5]_i_3_n_0
    SLICE_X41Y35         LUT4 (Prop_lut4_I0_O)        0.124     9.306 r  clock/sec[5]_i_1/O
                         net (fo=6, routed)           0.490     9.795    clock/sec
    SLICE_X38Y35         FDRE                                         r  clock/sec_reg[4]/CE
  -------------------------------------------------------------------    -------------------

                         (clock sys_clk_pin rise edge)
                                                     10.000    10.000 r  
    W5                                                0.000    10.000 r  clk (IN)
                         net (fo=0)                   0.000    10.000    clk
    W5                   IBUF (Prop_ibuf_I_O)         1.388    11.388 r  clk_IBUF_inst/O
                         net (fo=1, routed)           1.862    13.250    clk_IBUF
    BUFGCTRL_X0Y0        BUFG (Prop_bufg_I_O)         0.091    13.341 r  clk_IBUF_BUFG_inst/O
                         net (fo=139, routed)         1.440    14.781    clock/clk_IBUF_BUFG
    SLICE_X38Y35         FDRE                                         r  clock/sec_reg[4]/C
                         clock pessimism              0.260    15.041    
                         clock uncertainty           -0.035    15.006    
    SLICE_X38Y35         FDRE (Setup_fdre_C_CE)      -0.169    14.837    clock/sec_reg[4]
  -------------------------------------------------------------------
                         required time                         14.837    
                         arrival time                          -9.796    
  -------------------------------------------------------------------
                         slack                                  5.041    





Min Delay Paths
--------------------------------------------------------------------------------------
Slack (MET) :             0.152ns  (arrival time - required time)
  Source:                 clock/sec_reg[2]/C
                            (rising edge-triggered cell FDRE clocked by sys_clk_pin  {rise@0.000ns fall@5.000ns period=10.000ns})
  Destination:            clock/sec_reg[4]/D
                            (rising edge-triggered cell FDRE clocked by sys_clk_pin  {rise@0.000ns fall@5.000ns period=10.000ns})
  Path Group:             sys_clk_pin
  Path Type:              Hold (Min at Fast Process Corner)
  Requirement:            0.000ns  (sys_clk_pin rise@0.000ns - sys_clk_pin rise@0.000ns)
  Data Path Delay:        0.286ns  (logic 0.186ns (65.137%)  route 0.100ns (34.863%))
  Logic Levels:           1  (LUT6=1)
  Clock Path Skew:        0.013ns (DCD - SCD - CPR)
    Destination Clock Delay (DCD):    1.954ns
    Source Clock Delay      (SCD):    1.442ns
    Clock Pessimism Removal (CPR):    0.499ns

    Location             Delay type                Incr(ns)  Path(ns)    Netlist Resource(s)
  -------------------------------------------------------------------    -------------------
                         (clock sys_clk_pin rise edge)
                                                      0.000     0.000 r  
    W5                                                0.000     0.000 r  clk (IN)
                         net (fo=0)                   0.000     0.000    clk
    W5                   IBUF (Prop_ibuf_I_O)         0.226     0.226 r  clk_IBUF_inst/O
                         net (fo=1, routed)           0.631     0.858    clk_IBUF
    BUFGCTRL_X0Y0        BUFG (Prop_bufg_I_O)         0.026     0.884 r  clk_IBUF_BUFG_inst/O
                         net (fo=139, routed)         0.559     1.442    clock/clk_IBUF_BUFG
    SLICE_X39Y35         FDRE                                         r  clock/sec_reg[2]/C
  -------------------------------------------------------------------    -------------------
    SLICE_X39Y35         FDRE (Prop_fdre_C_Q)         0.141     1.583 r  clock/sec_reg[2]/Q
                         net (fo=7, routed)           0.100     1.683    clock/sec_reg_n_0_[2]
    SLICE_X38Y35         LUT6 (Prop_lut6_I1_O)        0.045     1.728 r  clock/sec[4]_i_1/O
                         net (fo=1, routed)           0.000     1.728    clock/sec[4]_i_1_n_0
    SLICE_X38Y35         FDRE                                         r  clock/sec_reg[4]/D
  -------------------------------------------------------------------    -------------------

                         (clock sys_clk_pin rise edge)
                                                      0.000     0.000 r  
    W5                                                0.000     0.000 r  clk (IN)
                         net (fo=0)                   0.000     0.000    clk
    W5                   IBUF (Prop_ibuf_I_O)         0.414     0.414 r  clk_IBUF_inst/O
                         net (fo=1, routed)           0.685     1.099    clk_IBUF
    BUFGCTRL_X0Y0        BUFG (Prop_bufg_I_O)         0.029     1.128 r  clk_IBUF_BUFG_inst/O
                         net (fo=139, routed)         0.827     1.954    clock/clk_IBUF_BUFG
    SLICE_X38Y35         FDRE                                         r  clock/sec_reg[4]/C
                         clock pessimism             -0.499     1.455    
    SLICE_X38Y35         FDRE (Hold_fdre_C_D)         0.121     1.576    clock/sec_reg[4]
  -------------------------------------------------------------------
                         required time                         -1.576    
                         arrival time                           1.728    
  -------------------------------------------------------------------
                         slack                                  0.152    

Slack (MET) :             0.164ns  (arrival time - required time)
  Source:                 dbU/pb_out_reg/C
                            (rising edge-triggered cell FDRE clocked by sys_clk_pin  {rise@0.000ns fall@5.000ns period=10.000ns})
  Destination:            btnUclr_prev_reg/D
                            (rising edge-triggered cell FDRE clocked by sys_clk_pin  {rise@0.000ns fall@5.000ns period=10.000ns})
  Path Group:             sys_clk_pin
  Path Type:              Hold (Min at Fast Process Corner)
  Requirement:            0.000ns  (sys_clk_pin rise@0.000ns - sys_clk_pin rise@0.000ns)
  Data Path Delay:        0.252ns  (logic 0.141ns (55.869%)  route 0.111ns (44.131%))
  Logic Levels:           0  
  Clock Path Skew:        0.013ns (DCD - SCD - CPR)
    Destination Clock Delay (DCD):    1.951ns
    Source Clock Delay      (SCD):    1.441ns
    Clock Pessimism Removal (CPR):    0.497ns

    Location             Delay type                Incr(ns)  Path(ns)    Netlist Resource(s)
  -------------------------------------------------------------------    -------------------
                         (clock sys_clk_pin rise edge)
                                                      0.000     0.000 r  
    W5                                                0.000     0.000 r  clk (IN)
                         net (fo=0)                   0.000     0.000    clk
    W5                   IBUF (Prop_ibuf_I_O)         0.226     0.226 r  clk_IBUF_inst/O
                         net (fo=1, routed)           0.631     0.858    clk_IBUF
    BUFGCTRL_X0Y0        BUFG (Prop_bufg_I_O)         0.026     0.884 r  clk_IBUF_BUFG_inst/O
                         net (fo=139, routed)         0.558     1.441    dbU/clk_IBUF_BUFG
    SLICE_X37Y33         FDRE                                         r  dbU/pb_out_reg/C
  -------------------------------------------------------------------    -------------------
    SLICE_X37Y33         FDRE (Prop_fdre_C_Q)         0.141     1.582 r  dbU/pb_out_reg/Q
                         net (fo=2, routed)           0.111     1.694    btnUclr
    SLICE_X39Y32         FDRE                                         r  btnUclr_prev_reg/D
  -------------------------------------------------------------------    -------------------

                         (clock sys_clk_pin rise edge)
                                                      0.000     0.000 r  
    W5                                                0.000     0.000 r  clk (IN)
                         net (fo=0)                   0.000     0.000    clk
    W5                   IBUF (Prop_ibuf_I_O)         0.414     0.414 r  clk_IBUF_inst/O
                         net (fo=1, routed)           0.685     1.099    clk_IBUF
    BUFGCTRL_X0Y0        BUFG (Prop_bufg_I_O)         0.029     1.128 r  clk_IBUF_BUFG_inst/O
                         net (fo=139, routed)         0.824     1.951    clk_IBUF_BUFG
    SLICE_X39Y32         FDRE                                         r  btnUclr_prev_reg/C
                         clock pessimism             -0.497     1.454    
    SLICE_X39Y32         FDRE (Hold_fdre_C_D)         0.075     1.529    btnUclr_prev_reg
  -------------------------------------------------------------------
                         required time                         -1.529    
                         arrival time                           1.694    
  -------------------------------------------------------------------
                         slack                                  0.164    

Slack (MET) :             0.170ns  (arrival time - required time)
  Source:                 clock/min_reg[2]/C
                            (rising edge-triggered cell FDRE clocked by sys_clk_pin  {rise@0.000ns fall@5.000ns period=10.000ns})
  Destination:            clock/min_reg[5]/D
                            (rising edge-triggered cell FDRE clocked by sys_clk_pin  {rise@0.000ns fall@5.000ns period=10.000ns})
  Path Group:             sys_clk_pin
  Path Type:              Hold (Min at Fast Process Corner)
  Requirement:            0.000ns  (sys_clk_pin rise@0.000ns - sys_clk_pin rise@0.000ns)
  Data Path Delay:        0.274ns  (logic 0.186ns (67.861%)  route 0.088ns (32.139%))
  Logic Levels:           1  (LUT6=1)
  Clock Path Skew:        0.013ns (DCD - SCD - CPR)
    Destination Clock Delay (DCD):    1.954ns
    Source Clock Delay      (SCD):    1.442ns
    Clock Pessimism Removal (CPR):    0.499ns

    Location             Delay type                Incr(ns)  Path(ns)    Netlist Resource(s)
  -------------------------------------------------------------------    -------------------
                         (clock sys_clk_pin rise edge)
                                                      0.000     0.000 r  
    W5                                                0.000     0.000 r  clk (IN)
                         net (fo=0)                   0.000     0.000    clk
    W5                   IBUF (Prop_ibuf_I_O)         0.226     0.226 r  clk_IBUF_inst/O
                         net (fo=1, routed)           0.631     0.858    clk_IBUF
    BUFGCTRL_X0Y0        BUFG (Prop_bufg_I_O)         0.026     0.884 r  clk_IBUF_BUFG_inst/O
                         net (fo=139, routed)         0.559     1.442    clock/clk_IBUF_BUFG
    SLICE_X40Y34         FDRE                                         r  clock/min_reg[2]/C
  -------------------------------------------------------------------    -------------------
    SLICE_X40Y34         FDRE (Prop_fdre_C_Q)         0.141     1.583 r  clock/min_reg[2]/Q
                         net (fo=7, routed)           0.088     1.671    clock/min_reg_n_0_[2]
    SLICE_X41Y34         LUT6 (Prop_lut6_I3_O)        0.045     1.716 r  clock/min[5]_i_2/O
                         net (fo=1, routed)           0.000     1.716    clock/min[5]
    SLICE_X41Y34         FDRE                                         r  clock/min_reg[5]/D
  -------------------------------------------------------------------    -------------------

                         (clock sys_clk_pin rise edge)
                                                      0.000     0.000 r  
    W5                                                0.000     0.000 r  clk (IN)
                         net (fo=0)                   0.000     0.000    clk
    W5                   IBUF (Prop_ibuf_I_O)         0.414     0.414 r  clk_IBUF_inst/O
                         net (fo=1, routed)           0.685     1.099    clk_IBUF
    BUFGCTRL_X0Y0        BUFG (Prop_bufg_I_O)         0.029     1.128 r  clk_IBUF_BUFG_inst/O
                         net (fo=139, routed)         0.827     1.954    clock/clk_IBUF_BUFG
    SLICE_X41Y34         FDRE                                         r  clock/min_reg[5]/C
                         clock pessimism             -0.499     1.455    
    SLICE_X41Y34         FDRE (Hold_fdre_C_D)         0.091     1.546    clock/min_reg[5]
  -------------------------------------------------------------------
                         required time                         -1.546    
                         arrival time                           1.716    
  -------------------------------------------------------------------
                         slack                                  0.170    

Slack (MET) :             0.176ns  (arrival time - required time)
  Source:                 dbR/pb_out_reg/C
                            (rising edge-triggered cell FDRE clocked by sys_clk_pin  {rise@0.000ns fall@5.000ns period=10.000ns})
  Destination:            btnRclr_prev_reg/D
                            (rising edge-triggered cell FDRE clocked by sys_clk_pin  {rise@0.000ns fall@5.000ns period=10.000ns})
  Path Group:             sys_clk_pin
  Path Type:              Hold (Min at Fast Process Corner)
  Requirement:            0.000ns  (sys_clk_pin rise@0.000ns - sys_clk_pin rise@0.000ns)
  Data Path Delay:        0.266ns  (logic 0.141ns (52.916%)  route 0.125ns (47.084%))
  Logic Levels:           0  
  Clock Path Skew:        0.015ns (DCD - SCD - CPR)
    Destination Clock Delay (DCD):    1.954ns
    Source Clock Delay      (SCD):    1.442ns
    Clock Pessimism Removal (CPR):    0.497ns

    Location             Delay type                Incr(ns)  Path(ns)    Netlist Resource(s)
  -------------------------------------------------------------------    -------------------
                         (clock sys_clk_pin rise edge)
                                                      0.000     0.000 r  
    W5                                                0.000     0.000 r  clk (IN)
                         net (fo=0)                   0.000     0.000    clk
    W5                   IBUF (Prop_ibuf_I_O)         0.226     0.226 r  clk_IBUF_inst/O
                         net (fo=1, routed)           0.631     0.858    clk_IBUF
    BUFGCTRL_X0Y0        BUFG (Prop_bufg_I_O)         0.026     0.884 r  clk_IBUF_BUFG_inst/O
                         net (fo=139, routed)         0.559     1.442    dbR/clk_IBUF_BUFG
    SLICE_X37Y34         FDRE                                         r  dbR/pb_out_reg/C
  -------------------------------------------------------------------    -------------------
    SLICE_X37Y34         FDRE (Prop_fdre_C_Q)         0.141     1.583 r  dbR/pb_out_reg/Q
                         net (fo=2, routed)           0.125     1.709    btnRclr
    SLICE_X37Y36         FDRE                                         r  btnRclr_prev_reg/D
  -------------------------------------------------------------------    -------------------

                         (clock sys_clk_pin rise edge)
                                                      0.000     0.000 r  
    W5                                                0.000     0.000 r  clk (IN)
                         net (fo=0)                   0.000     0.000    clk
    W5                   IBUF (Prop_ibuf_I_O)         0.414     0.414 r  clk_IBUF_inst/O
                         net (fo=1, routed)           0.685     1.099    clk_IBUF
    BUFGCTRL_X0Y0        BUFG (Prop_bufg_I_O)         0.029     1.128 r  clk_IBUF_BUFG_inst/O
                         net (fo=139, routed)         0.827     1.954    clk_IBUF_BUFG
    SLICE_X37Y36         FDRE                                         r  btnRclr_prev_reg/C
                         clock pessimism             -0.497     1.457    
    SLICE_X37Y36         FDRE (Hold_fdre_C_D)         0.075     1.532    btnRclr_prev_reg
  -------------------------------------------------------------------
                         required time                         -1.532    
                         arrival time                           1.709    
  -------------------------------------------------------------------
                         slack                                  0.176    

Slack (MET) :             0.189ns  (arrival time - required time)
  Source:                 clock/sec_reg[5]/C
                            (rising edge-triggered cell FDRE clocked by sys_clk_pin  {rise@0.000ns fall@5.000ns period=10.000ns})
  Destination:            clock/sec_reg[3]/D
                            (rising edge-triggered cell FDRE clocked by sys_clk_pin  {rise@0.000ns fall@5.000ns period=10.000ns})
  Path Group:             sys_clk_pin
  Path Type:              Hold (Min at Fast Process Corner)
  Requirement:            0.000ns  (sys_clk_pin rise@0.000ns - sys_clk_pin rise@0.000ns)
  Data Path Delay:        0.323ns  (logic 0.186ns (57.654%)  route 0.137ns (42.346%))
  Logic Levels:           1  (LUT6=1)
  Clock Path Skew:        0.013ns (DCD - SCD - CPR)
    Destination Clock Delay (DCD):    1.954ns
    Source Clock Delay      (SCD):    1.442ns
    Clock Pessimism Removal (CPR):    0.499ns

    Location             Delay type                Incr(ns)  Path(ns)    Netlist Resource(s)
  -------------------------------------------------------------------    -------------------
                         (clock sys_clk_pin rise edge)
                                                      0.000     0.000 r  
    W5                                                0.000     0.000 r  clk (IN)
                         net (fo=0)                   0.000     0.000    clk
    W5                   IBUF (Prop_ibuf_I_O)         0.226     0.226 r  clk_IBUF_inst/O
                         net (fo=1, routed)           0.631     0.858    clk_IBUF
    BUFGCTRL_X0Y0        BUFG (Prop_bufg_I_O)         0.026     0.884 r  clk_IBUF_BUFG_inst/O
                         net (fo=139, routed)         0.559     1.442    clock/clk_IBUF_BUFG
    SLICE_X39Y35         FDRE                                         r  clock/sec_reg[5]/C
  -------------------------------------------------------------------    -------------------
    SLICE_X39Y35         FDRE (Prop_fdre_C_Q)         0.141     1.583 f  clock/sec_reg[5]/Q
                         net (fo=7, routed)           0.137     1.720    clock/sec_reg_n_0_[5]
    SLICE_X38Y35         LUT6 (Prop_lut6_I1_O)        0.045     1.765 r  clock/sec[3]_i_1/O
                         net (fo=1, routed)           0.000     1.765    clock/sec[3]_i_1_n_0
    SLICE_X38Y35         FDRE                                         r  clock/sec_reg[3]/D
  -------------------------------------------------------------------    -------------------

                         (clock sys_clk_pin rise edge)
                                                      0.000     0.000 r  
    W5                                                0.000     0.000 r  clk (IN)
                         net (fo=0)                   0.000     0.000    clk
    W5                   IBUF (Prop_ibuf_I_O)         0.414     0.414 r  clk_IBUF_inst/O
                         net (fo=1, routed)           0.685     1.099    clk_IBUF
    BUFGCTRL_X0Y0        BUFG (Prop_bufg_I_O)         0.029     1.128 r  clk_IBUF_BUFG_inst/O
                         net (fo=139, routed)         0.827     1.954    clock/clk_IBUF_BUFG
    SLICE_X38Y35         FDRE                                         r  clock/sec_reg[3]/C
                         clock pessimism             -0.499     1.455    
    SLICE_X38Y35         FDRE (Hold_fdre_C_D)         0.121     1.576    clock/sec_reg[3]
  -------------------------------------------------------------------
                         required time                         -1.576    
                         arrival time                           1.765    
  -------------------------------------------------------------------
                         slack                                  0.189    

Slack (MET) :             0.190ns  (arrival time - required time)
  Source:                 btnRclr_prev_reg/C
                            (rising edge-triggered cell FDRE clocked by sys_clk_pin  {rise@0.000ns fall@5.000ns period=10.000ns})
  Destination:            minup_reg/D
                            (rising edge-triggered cell FDRE clocked by sys_clk_pin  {rise@0.000ns fall@5.000ns period=10.000ns})
  Path Group:             sys_clk_pin
  Path Type:              Hold (Min at Fast Process Corner)
  Requirement:            0.000ns  (sys_clk_pin rise@0.000ns - sys_clk_pin rise@0.000ns)
  Data Path Delay:        0.281ns  (logic 0.227ns (80.665%)  route 0.054ns (19.335%))
  Logic Levels:           1  (LUT2=1)
  Clock Path Skew:        0.000ns (DCD - SCD - CPR)
    Destination Clock Delay (DCD):    1.954ns
    Source Clock Delay      (SCD):    1.442ns
    Clock Pessimism Removal (CPR):    0.512ns

    Location             Delay type                Incr(ns)  Path(ns)    Netlist Resource(s)
  -------------------------------------------------------------------    -------------------
                         (clock sys_clk_pin rise edge)
                                                      0.000     0.000 r  
    W5                                                0.000     0.000 r  clk (IN)
                         net (fo=0)                   0.000     0.000    clk
    W5                   IBUF (Prop_ibuf_I_O)         0.226     0.226 r  clk_IBUF_inst/O
                         net (fo=1, routed)           0.631     0.858    clk_IBUF
    BUFGCTRL_X0Y0        BUFG (Prop_bufg_I_O)         0.026     0.884 r  clk_IBUF_BUFG_inst/O
                         net (fo=139, routed)         0.559     1.442    clk_IBUF_BUFG
    SLICE_X37Y36         FDRE                                         r  btnRclr_prev_reg/C
  -------------------------------------------------------------------    -------------------
    SLICE_X37Y36         FDRE (Prop_fdre_C_Q)         0.128     1.570 f  btnRclr_prev_reg/Q
                         net (fo=1, routed)           0.054     1.625    dbR/btnRclr_prev
    SLICE_X37Y36         LUT2 (Prop_lut2_I1_O)        0.099     1.724 r  dbR/minup_i_1/O
                         net (fo=1, routed)           0.000     1.724    minup0
    SLICE_X37Y36         FDRE                                         r  minup_reg/D
  -------------------------------------------------------------------    -------------------

                         (clock sys_clk_pin rise edge)
                                                      0.000     0.000 r  
    W5                                                0.000     0.000 r  clk (IN)
                         net (fo=0)                   0.000     0.000    clk
    W5                   IBUF (Prop_ibuf_I_O)         0.414     0.414 r  clk_IBUF_inst/O
                         net (fo=1, routed)           0.685     1.099    clk_IBUF
    BUFGCTRL_X0Y0        BUFG (Prop_bufg_I_O)         0.029     1.128 r  clk_IBUF_BUFG_inst/O
                         net (fo=139, routed)         0.827     1.954    clk_IBUF_BUFG
    SLICE_X37Y36         FDRE                                         r  minup_reg/C
                         clock pessimism             -0.512     1.442    
    SLICE_X37Y36         FDRE (Hold_fdre_C_D)         0.091     1.533    minup_reg
  -------------------------------------------------------------------
                         required time                         -1.533    
                         arrival time                           1.724    
  -------------------------------------------------------------------
                         slack                                  0.190    

Slack (MET) :             0.190ns  (arrival time - required time)
  Source:                 btnUclr_prev_reg/C
                            (rising edge-triggered cell FDRE clocked by sys_clk_pin  {rise@0.000ns fall@5.000ns period=10.000ns})
  Destination:            hrup_reg/D
                            (rising edge-triggered cell FDRE clocked by sys_clk_pin  {rise@0.000ns fall@5.000ns period=10.000ns})
  Path Group:             sys_clk_pin
  Path Type:              Hold (Min at Fast Process Corner)
  Requirement:            0.000ns  (sys_clk_pin rise@0.000ns - sys_clk_pin rise@0.000ns)
  Data Path Delay:        0.281ns  (logic 0.227ns (80.665%)  route 0.054ns (19.335%))
  Logic Levels:           1  (LUT2=1)
  Clock Path Skew:        0.000ns (DCD - SCD - CPR)
    Destination Clock Delay (DCD):    1.951ns
    Source Clock Delay      (SCD):    1.440ns
    Clock Pessimism Removal (CPR):    0.511ns

    Location             Delay type                Incr(ns)  Path(ns)    Netlist Resource(s)
  -------------------------------------------------------------------    -------------------
                         (clock sys_clk_pin rise edge)
                                                      0.000     0.000 r  
    W5                                                0.000     0.000 r  clk (IN)
                         net (fo=0)                   0.000     0.000    clk
    W5                   IBUF (Prop_ibuf_I_O)         0.226     0.226 r  clk_IBUF_inst/O
                         net (fo=1, routed)           0.631     0.858    clk_IBUF
    BUFGCTRL_X0Y0        BUFG (Prop_bufg_I_O)         0.026     0.884 r  clk_IBUF_BUFG_inst/O
                         net (fo=139, routed)         0.557     1.440    clk_IBUF_BUFG
    SLICE_X39Y32         FDRE                                         r  btnUclr_prev_reg/C
  -------------------------------------------------------------------    -------------------
    SLICE_X39Y32         FDRE (Prop_fdre_C_Q)         0.128     1.568 f  btnUclr_prev_reg/Q
                         net (fo=1, routed)           0.054     1.623    dbU/btnUclr_prev
    SLICE_X39Y32         LUT2 (Prop_lut2_I1_O)        0.099     1.722 r  dbU/hrup_i_1/O
                         net (fo=1, routed)           0.000     1.722    hrup0
    SLICE_X39Y32         FDRE                                         r  hrup_reg/D
  -------------------------------------------------------------------    -------------------

                         (clock sys_clk_pin rise edge)
                                                      0.000     0.000 r  
    W5                                                0.000     0.000 r  clk (IN)
                         net (fo=0)                   0.000     0.000    clk
    W5                   IBUF (Prop_ibuf_I_O)         0.414     0.414 r  clk_IBUF_inst/O
                         net (fo=1, routed)           0.685     1.099    clk_IBUF
    BUFGCTRL_X0Y0        BUFG (Prop_bufg_I_O)         0.029     1.128 r  clk_IBUF_BUFG_inst/O
                         net (fo=139, routed)         0.824     1.951    clk_IBUF_BUFG
    SLICE_X39Y32         FDRE                                         r  hrup_reg/C
                         clock pessimism             -0.511     1.440    
    SLICE_X39Y32         FDRE (Hold_fdre_C_D)         0.091     1.531    hrup_reg
  -------------------------------------------------------------------
                         required time                         -1.531    
                         arrival time                           1.722    
  -------------------------------------------------------------------
                         slack                                  0.190    

Slack (MET) :             0.199ns  (arrival time - required time)
  Source:                 clock/sec_reg[4]/C
                            (rising edge-triggered cell FDRE clocked by sys_clk_pin  {rise@0.000ns fall@5.000ns period=10.000ns})
  Destination:            clock/sec_reg[2]/D
                            (rising edge-triggered cell FDRE clocked by sys_clk_pin  {rise@0.000ns fall@5.000ns period=10.000ns})
  Path Group:             sys_clk_pin
  Path Type:              Hold (Min at Fast Process Corner)
  Requirement:            0.000ns  (sys_clk_pin rise@0.000ns - sys_clk_pin rise@0.000ns)
  Data Path Delay:        0.304ns  (logic 0.209ns (68.658%)  route 0.095ns (31.342%))
  Logic Levels:           1  (LUT6=1)
  Clock Path Skew:        0.013ns (DCD - SCD - CPR)
    Destination Clock Delay (DCD):    1.954ns
    Source Clock Delay      (SCD):    1.442ns
    Clock Pessimism Removal (CPR):    0.499ns

    Location             Delay type                Incr(ns)  Path(ns)    Netlist Resource(s)
  -------------------------------------------------------------------    -------------------
                         (clock sys_clk_pin rise edge)
                                                      0.000     0.000 r  
    W5                                                0.000     0.000 r  clk (IN)
                         net (fo=0)                   0.000     0.000    clk
    W5                   IBUF (Prop_ibuf_I_O)         0.226     0.226 r  clk_IBUF_inst/O
                         net (fo=1, routed)           0.631     0.858    clk_IBUF
    BUFGCTRL_X0Y0        BUFG (Prop_bufg_I_O)         0.026     0.884 r  clk_IBUF_BUFG_inst/O
                         net (fo=139, routed)         0.559     1.442    clock/clk_IBUF_BUFG
    SLICE_X38Y35         FDRE                                         r  clock/sec_reg[4]/C
  -------------------------------------------------------------------    -------------------
    SLICE_X38Y35         FDRE (Prop_fdre_C_Q)         0.164     1.606 f  clock/sec_reg[4]/Q
                         net (fo=7, routed)           0.095     1.702    clock/sec_reg_n_0_[4]
    SLICE_X39Y35         LUT6 (Prop_lut6_I0_O)        0.045     1.747 r  clock/sec[2]_i_1/O
                         net (fo=1, routed)           0.000     1.747    clock/sec[2]_i_1_n_0
    SLICE_X39Y35         FDRE                                         r  clock/sec_reg[2]/D
  -------------------------------------------------------------------    -------------------

                         (clock sys_clk_pin rise edge)
                                                      0.000     0.000 r  
    W5                                                0.000     0.000 r  clk (IN)
                         net (fo=0)                   0.000     0.000    clk
    W5                   IBUF (Prop_ibuf_I_O)         0.414     0.414 r  clk_IBUF_inst/O
                         net (fo=1, routed)           0.685     1.099    clk_IBUF
    BUFGCTRL_X0Y0        BUFG (Prop_bufg_I_O)         0.029     1.128 r  clk_IBUF_BUFG_inst/O
                         net (fo=139, routed)         0.827     1.954    clock/clk_IBUF_BUFG
    SLICE_X39Y35         FDRE                                         r  clock/sec_reg[2]/C
                         clock pessimism             -0.499     1.455    
    SLICE_X39Y35         FDRE (Hold_fdre_C_D)         0.092     1.547    clock/sec_reg[2]
  -------------------------------------------------------------------
                         required time                         -1.547    
                         arrival time                           1.747    
  -------------------------------------------------------------------
                         slack                                  0.199    

Slack (MET) :             0.201ns  (arrival time - required time)
  Source:                 clock/sec_reg[4]/C
                            (rising edge-triggered cell FDRE clocked by sys_clk_pin  {rise@0.000ns fall@5.000ns period=10.000ns})
  Destination:            clock/sec_reg[5]/D
                            (rising edge-triggered cell FDRE clocked by sys_clk_pin  {rise@0.000ns fall@5.000ns period=10.000ns})
  Path Group:             sys_clk_pin
  Path Type:              Hold (Min at Fast Process Corner)
  Requirement:            0.000ns  (sys_clk_pin rise@0.000ns - sys_clk_pin rise@0.000ns)
  Data Path Delay:        0.305ns  (logic 0.209ns (68.433%)  route 0.096ns (31.567%))
  Logic Levels:           1  (LUT6=1)
  Clock Path Skew:        0.013ns (DCD - SCD - CPR)
    Destination Clock Delay (DCD):    1.954ns
    Source Clock Delay      (SCD):    1.442ns
    Clock Pessimism Removal (CPR):    0.499ns

    Location             Delay type                Incr(ns)  Path(ns)    Netlist Resource(s)
  -------------------------------------------------------------------    -------------------
                         (clock sys_clk_pin rise edge)
                                                      0.000     0.000 r  
    W5                                                0.000     0.000 r  clk (IN)
                         net (fo=0)                   0.000     0.000    clk
    W5                   IBUF (Prop_ibuf_I_O)         0.226     0.226 r  clk_IBUF_inst/O
                         net (fo=1, routed)           0.631     0.858    clk_IBUF
    BUFGCTRL_X0Y0        BUFG (Prop_bufg_I_O)         0.026     0.884 r  clk_IBUF_BUFG_inst/O
                         net (fo=139, routed)         0.559     1.442    clock/clk_IBUF_BUFG
    SLICE_X38Y35         FDRE                                         r  clock/sec_reg[4]/C
  -------------------------------------------------------------------    -------------------
    SLICE_X38Y35         FDRE (Prop_fdre_C_Q)         0.164     1.606 r  clock/sec_reg[4]/Q
                         net (fo=7, routed)           0.096     1.703    clock/sec_reg_n_0_[4]
    SLICE_X39Y35         LUT6 (Prop_lut6_I4_O)        0.045     1.748 r  clock/sec[5]_i_2/O
                         net (fo=1, routed)           0.000     1.748    clock/sec[5]_i_2_n_0
    SLICE_X39Y35         FDRE                                         r  clock/sec_reg[5]/D
  -------------------------------------------------------------------    -------------------

                         (clock sys_clk_pin rise edge)
                                                      0.000     0.000 r  
    W5                                                0.000     0.000 r  clk (IN)
                         net (fo=0)                   0.000     0.000    clk
    W5                   IBUF (Prop_ibuf_I_O)         0.414     0.414 r  clk_IBUF_inst/O
                         net (fo=1, routed)           0.685     1.099    clk_IBUF
    BUFGCTRL_X0Y0        BUFG (Prop_bufg_I_O)         0.029     1.128 r  clk_IBUF_BUFG_inst/O
                         net (fo=139, routed)         0.827     1.954    clock/clk_IBUF_BUFG
    SLICE_X39Y35         FDRE                                         r  clock/sec_reg[5]/C
                         clock pessimism             -0.499     1.455    
    SLICE_X39Y35         FDRE (Hold_fdre_C_D)         0.091     1.546    clock/sec_reg[5]
  -------------------------------------------------------------------
                         required time                         -1.546    
                         arrival time                           1.748    
  -------------------------------------------------------------------
                         slack                                  0.201    

Slack (MET) :             0.235ns  (arrival time - required time)
  Source:                 clock/min_reg[5]/C
                            (rising edge-triggered cell FDRE clocked by sys_clk_pin  {rise@0.000ns fall@5.000ns period=10.000ns})
  Destination:            clock/min_reg[3]/D
                            (rising edge-triggered cell FDRE clocked by sys_clk_pin  {rise@0.000ns fall@5.000ns period=10.000ns})
  Path Group:             sys_clk_pin
  Path Type:              Hold (Min at Fast Process Corner)
  Requirement:            0.000ns  (sys_clk_pin rise@0.000ns - sys_clk_pin rise@0.000ns)
  Data Path Delay:        0.339ns  (logic 0.186ns (54.823%)  route 0.153ns (45.177%))
  Logic Levels:           1  (LUT6=1)
  Clock Path Skew:        0.013ns (DCD - SCD - CPR)
    Destination Clock Delay (DCD):    1.954ns
    Source Clock Delay      (SCD):    1.442ns
    Clock Pessimism Removal (CPR):    0.499ns

    Location             Delay type                Incr(ns)  Path(ns)    Netlist Resource(s)
  -------------------------------------------------------------------    -------------------
                         (clock sys_clk_pin rise edge)
                                                      0.000     0.000 r  
    W5                                                0.000     0.000 r  clk (IN)
                         net (fo=0)                   0.000     0.000    clk
    W5                   IBUF (Prop_ibuf_I_O)         0.226     0.226 r  clk_IBUF_inst/O
                         net (fo=1, routed)           0.631     0.858    clk_IBUF
    BUFGCTRL_X0Y0        BUFG (Prop_bufg_I_O)         0.026     0.884 r  clk_IBUF_BUFG_inst/O
                         net (fo=139, routed)         0.559     1.442    clock/clk_IBUF_BUFG
    SLICE_X41Y34         FDRE                                         r  clock/min_reg[5]/C
  -------------------------------------------------------------------    -------------------
    SLICE_X41Y34         FDRE (Prop_fdre_C_Q)         0.141     1.583 f  clock/min_reg[5]/Q
                         net (fo=7, routed)           0.153     1.736    clock/min_reg_n_0_[5]
    SLICE_X40Y34         LUT6 (Prop_lut6_I1_O)        0.045     1.781 r  clock/min[3]_i_1/O
                         net (fo=1, routed)           0.000     1.781    clock/min[3]
    SLICE_X40Y34         FDRE                                         r  clock/min_reg[3]/D
  -------------------------------------------------------------------    -------------------

                         (clock sys_clk_pin rise edge)
                                                      0.000     0.000 r  
    W5                                                0.000     0.000 r  clk (IN)
                         net (fo=0)                   0.000     0.000    clk
    W5                   IBUF (Prop_ibuf_I_O)         0.414     0.414 r  clk_IBUF_inst/O
                         net (fo=1, routed)           0.685     1.099    clk_IBUF
    BUFGCTRL_X0Y0        BUFG (Prop_bufg_I_O)         0.029     1.128 r  clk_IBUF_BUFG_inst/O
                         net (fo=139, routed)         0.827     1.954    clock/clk_IBUF_BUFG
    SLICE_X40Y34         FDRE                                         r  clock/min_reg[3]/C
                         clock pessimism             -0.499     1.455    
    SLICE_X40Y34         FDRE (Hold_fdre_C_D)         0.091     1.546    clock/min_reg[3]
  -------------------------------------------------------------------
                         required time                         -1.546    
                         arrival time                           1.781    
  -------------------------------------------------------------------
                         slack                                  0.235    





Pulse Width Checks
--------------------------------------------------------------------------------------
Clock Name:         sys_clk_pin
Waveform(ns):       { 0.000 5.000 }
Period(ns):         10.000
Sources:            { clk }

Check Type        Corner  Lib Pin  Reference Pin  Required(ns)  Actual(ns)  Slack(ns)  Location       Pin
Min Period        n/a     BUFG/I   n/a            2.155         10.000      7.845      BUFGCTRL_X0Y0  clk_IBUF_BUFG_inst/I
Min Period        n/a     FDRE/C   n/a            1.000         10.000      9.000      SLICE_X37Y36   btnRclr_prev_reg/C
Min Period        n/a     FDRE/C   n/a            1.000         10.000      9.000      SLICE_X39Y32   btnUclr_prev_reg/C
Min Period        n/a     FDRE/C   n/a            1.000         10.000      9.000      SLICE_X39Y32   hrup_reg/C
Min Period        n/a     FDRE/C   n/a            1.000         10.000      9.000      SLICE_X37Y36   minup_reg/C
Min Period        n/a     FDRE/C   n/a            1.000         10.000      9.000      SLICE_X43Y26   clock/clkc_reg[0]/C
Min Period        n/a     FDRE/C   n/a            1.000         10.000      9.000      SLICE_X43Y28   clock/clkc_reg[10]/C
Min Period        n/a     FDRE/C   n/a            1.000         10.000      9.000      SLICE_X43Y28   clock/clkc_reg[11]/C
Min Period        n/a     FDRE/C   n/a            1.000         10.000      9.000      SLICE_X43Y29   clock/clkc_reg[12]/C
Min Period        n/a     FDRE/C   n/a            1.000         10.000      9.000      SLICE_X43Y29   clock/clkc_reg[13]/C
Low Pulse Width   Slow    FDRE/C   n/a            0.500         5.000       4.500      SLICE_X37Y36   btnRclr_prev_reg/C
Low Pulse Width   Fast    FDRE/C   n/a            0.500         5.000       4.500      SLICE_X37Y36   btnRclr_prev_reg/C
Low Pulse Width   Slow    FDRE/C   n/a            0.500         5.000       4.500      SLICE_X39Y32   btnUclr_prev_reg/C
Low Pulse Width   Fast    FDRE/C   n/a            0.500         5.000       4.500      SLICE_X39Y32   btnUclr_prev_reg/C
Low Pulse Width   Slow    FDRE/C   n/a            0.500         5.000       4.500      SLICE_X39Y32   hrup_reg/C
Low Pulse Width   Fast    FDRE/C   n/a            0.500         5.000       4.500      SLICE_X39Y32   hrup_reg/C
Low Pulse Width   Slow    FDRE/C   n/a            0.500         5.000       4.500      SLICE_X37Y36   minup_reg/C
Low Pulse Width   Fast    FDRE/C   n/a            0.500         5.000       4.500      SLICE_X37Y36   minup_reg/C
Low Pulse Width   Slow    FDRE/C   n/a            0.500         5.000       4.500      SLICE_X43Y26   clock/clkc_reg[0]/C
Low Pulse Width   Fast    FDRE/C   n/a            0.500         5.000       4.500      SLICE_X43Y26   clock/clkc_reg[0]/C
High Pulse Width  Slow    FDRE/C   n/a            0.500         5.000       4.500      SLICE_X37Y36   btnRclr_prev_reg/C
High Pulse Width  Fast    FDRE/C   n/a            0.500         5.000       4.500      SLICE_X37Y36   btnRclr_prev_reg/C
High Pulse Width  Slow    FDRE/C   n/a            0.500         5.000       4.500      SLICE_X39Y32   btnUclr_prev_reg/C
High Pulse Width  Fast    FDRE/C   n/a            0.500         5.000       4.500      SLICE_X39Y32   btnUclr_prev_reg/C
High Pulse Width  Slow    FDRE/C   n/a            0.500         5.000       4.500      SLICE_X39Y32   hrup_reg/C
High Pulse Width  Fast    FDRE/C   n/a            0.500         5.000       4.500      SLICE_X39Y32   hrup_reg/C
High Pulse Width  Slow    FDRE/C   n/a            0.500         5.000       4.500      SLICE_X37Y36   minup_reg/C
High Pulse Width  Fast    FDRE/C   n/a            0.500         5.000       4.500      SLICE_X37Y36   minup_reg/C
High Pulse Width  Slow    FDRE/C   n/a            0.500         5.000       4.500      SLICE_X43Y26   clock/clkc_reg[0]/C
High Pulse Width  Fast    FDRE/C   n/a            0.500         5.000       4.500      SLICE_X43Y26   clock/clkc_reg[0]/C



--------------------------------------------------------------------------------------
Path Group:  (none)
From Clock:  
  To Clock:  

Max Delay            24 Endpoints
Min Delay            24 Endpoints
--------------------------------------------------------------------------------------


Max Delay Paths
--------------------------------------------------------------------------------------
Slack:                    inf
  Source:                 seg7/seg_reg[0]/C
                            (rising edge-triggered cell FDRE)
  Destination:            seg[0]
                            (output port)
  Path Group:             (none)
  Path Type:              Max at Slow Process Corner
  Data Path Delay:        7.147ns  (logic 4.049ns (56.659%)  route 3.098ns (43.341%))
  Logic Levels:           2  (FDRE=1 OBUF=1)

    Location             Delay type                Incr(ns)  Path(ns)    Netlist Resource(s)
  -------------------------------------------------------------------    -------------------
    SLICE_X46Y33         FDRE                         0.000     0.000 r  seg7/seg_reg[0]/C
    SLICE_X46Y33         FDRE (Prop_fdre_C_Q)         0.518     0.518 r  seg7/seg_reg[0]/Q
                         net (fo=1, routed)           3.098     3.616    seg_OBUF[0]
    U7                   OBUF (Prop_obuf_I_O)         3.531     7.147 r  seg_OBUF[0]_inst/O
                         net (fo=0)                   0.000     7.147    seg[0]
    U7                                                                r  seg[0] (OUT)
  -------------------------------------------------------------------    -------------------

Slack:                    inf
  Source:                 seg7/seg_reg[2]/C
                            (rising edge-triggered cell FDRE)
  Destination:            seg[2]
                            (output port)
  Path Group:             (none)
  Path Type:              Max at Slow Process Corner
  Data Path Delay:        6.996ns  (logic 4.038ns (57.720%)  route 2.958ns (42.280%))
  Logic Levels:           2  (FDRE=1 OBUF=1)

    Location             Delay type                Incr(ns)  Path(ns)    Netlist Resource(s)
  -------------------------------------------------------------------    -------------------
    SLICE_X46Y33         FDRE                         0.000     0.000 r  seg7/seg_reg[2]/C
    SLICE_X46Y33         FDRE (Prop_fdre_C_Q)         0.518     0.518 r  seg7/seg_reg[2]/Q
                         net (fo=1, routed)           2.958     3.476    seg_OBUF[2]
    U5                   OBUF (Prop_obuf_I_O)         3.520     6.996 r  seg_OBUF[2]_inst/O
                         net (fo=0)                   0.000     6.996    seg[2]
    U5                                                                r  seg[2] (OUT)
  -------------------------------------------------------------------    -------------------

Slack:                    inf
  Source:                 seg7/seg_reg[1]/C
                            (rising edge-triggered cell FDRE)
  Destination:            seg[1]
                            (output port)
  Path Group:             (none)
  Path Type:              Max at Slow Process Corner
  Data Path Delay:        6.922ns  (logic 3.960ns (57.215%)  route 2.962ns (42.785%))
  Logic Levels:           2  (FDRE=1 OBUF=1)

    Location             Delay type                Incr(ns)  Path(ns)    Netlist Resource(s)
  -------------------------------------------------------------------    -------------------
    SLICE_X47Y32         FDRE                         0.000     0.000 r  seg7/seg_reg[1]/C
    SLICE_X47Y32         FDRE (Prop_fdre_C_Q)         0.456     0.456 r  seg7/seg_reg[1]/Q
                         net (fo=1, routed)           2.962     3.418    seg_OBUF[1]
    V5                   OBUF (Prop_obuf_I_O)         3.504     6.922 r  seg_OBUF[1]_inst/O
                         net (fo=0)                   0.000     6.922    seg[1]
    V5                                                                r  seg[1] (OUT)
  -------------------------------------------------------------------    -------------------

Slack:                    inf
  Source:                 seg7/seg_reg[3]/C
                            (rising edge-triggered cell FDRE)
  Destination:            seg[3]
                            (output port)
  Path Group:             (none)
  Path Type:              Max at Slow Process Corner
  Data Path Delay:        6.853ns  (logic 4.054ns (59.149%)  route 2.800ns (40.851%))
  Logic Levels:           2  (FDRE=1 OBUF=1)

    Location             Delay type                Incr(ns)  Path(ns)    Netlist Resource(s)
  -------------------------------------------------------------------    -------------------
    SLICE_X46Y32         FDRE                         0.000     0.000 r  seg7/seg_reg[3]/C
    SLICE_X46Y32         FDRE (Prop_fdre_C_Q)         0.518     0.518 r  seg7/seg_reg[3]/Q
                         net (fo=1, routed)           2.800     3.318    seg_OBUF[3]
    V8                   OBUF (Prop_obuf_I_O)         3.536     6.853 r  seg_OBUF[3]_inst/O
                         net (fo=0)                   0.000     6.853    seg[3]
    V8                                                                r  seg[3] (OUT)
  -------------------------------------------------------------------    -------------------

Slack:                    inf
  Source:                 seg7/seg_reg[4]/C
                            (rising edge-triggered cell FDRE)
  Destination:            seg[4]
                            (output port)
  Path Group:             (none)
  Path Type:              Max at Slow Process Corner
  Data Path Delay:        6.713ns  (logic 4.053ns (60.374%)  route 2.660ns (39.626%))
  Logic Levels:           2  (FDRE=1 OBUF=1)

    Location             Delay type                Incr(ns)  Path(ns)    Netlist Resource(s)
  -------------------------------------------------------------------    -------------------
    SLICE_X46Y33         FDRE                         0.000     0.000 r  seg7/seg_reg[4]/C
    SLICE_X46Y33         FDRE (Prop_fdre_C_Q)         0.518     0.518 r  seg7/seg_reg[4]/Q
                         net (fo=1, routed)           2.660     3.178    seg_OBUF[4]
    U8                   OBUF (Prop_obuf_I_O)         3.535     6.713 r  seg_OBUF[4]_inst/O
                         net (fo=0)                   0.000     6.713    seg[4]
    U8                                                                r  seg[4] (OUT)
  -------------------------------------------------------------------    -------------------

Slack:                    inf
  Source:                 seg7/seg_reg[6]/C
                            (rising edge-triggered cell FDRE)
  Destination:            seg[6]
                            (output port)
  Path Group:             (none)
  Path Type:              Max at Slow Process Corner
  Data Path Delay:        6.592ns  (logic 3.967ns (60.177%)  route 2.625ns (39.823%))
  Logic Levels:           2  (FDRE=1 OBUF=1)

    Location             Delay type                Incr(ns)  Path(ns)    Netlist Resource(s)
  -------------------------------------------------------------------    -------------------
    SLICE_X47Y33         FDRE                         0.000     0.000 r  seg7/seg_reg[6]/C
    SLICE_X47Y33         FDRE (Prop_fdre_C_Q)         0.456     0.456 r  seg7/seg_reg[6]/Q
                         net (fo=1, routed)           2.625     3.081    seg_OBUF[6]
    W7                   OBUF (Prop_obuf_I_O)         3.511     6.592 r  seg_OBUF[6]_inst/O
                         net (fo=0)                   0.000     6.592    seg[6]
    W7                                                                r  seg[6] (OUT)
  -------------------------------------------------------------------    -------------------

Slack:                    inf
  Source:                 seg7/an_reg[0]/C
                            (rising edge-triggered cell FDRE)
  Destination:            an[0]
                            (output port)
  Path Group:             (none)
  Path Type:              Max at Slow Process Corner
  Data Path Delay:        6.543ns  (logic 4.152ns (63.460%)  route 2.391ns (36.540%))
  Logic Levels:           2  (FDRE=1 OBUF=1)

    Location             Delay type                Incr(ns)  Path(ns)    Netlist Resource(s)
  -------------------------------------------------------------------    -------------------
    SLICE_X46Y32         FDRE                         0.000     0.000 r  seg7/an_reg[0]/C
    SLICE_X46Y32         FDRE (Prop_fdre_C_Q)         0.478     0.478 r  seg7/an_reg[0]/Q
                         net (fo=1, routed)           2.391     2.869    an_OBUF[0]
    U2                   OBUF (Prop_obuf_I_O)         3.674     6.543 r  an_OBUF[0]_inst/O
                         net (fo=0)                   0.000     6.543    an[0]
    U2                                                                r  an[0] (OUT)
  -------------------------------------------------------------------    -------------------

Slack:                    inf
  Source:                 seg7/seg_reg[5]/C
                            (rising edge-triggered cell FDRE)
  Destination:            seg[5]
                            (output port)
  Path Group:             (none)
  Path Type:              Max at Slow Process Corner
  Data Path Delay:        6.533ns  (logic 3.985ns (61.004%)  route 2.547ns (38.996%))
  Logic Levels:           2  (FDRE=1 OBUF=1)

    Location             Delay type                Incr(ns)  Path(ns)    Netlist Resource(s)
  -------------------------------------------------------------------    -------------------
    SLICE_X48Y33         FDRE                         0.000     0.000 r  seg7/seg_reg[5]/C
    SLICE_X48Y33         FDRE (Prop_fdre_C_Q)         0.456     0.456 r  seg7/seg_reg[5]/Q
                         net (fo=1, routed)           2.547     3.003    seg_OBUF[5]
    W6                   OBUF (Prop_obuf_I_O)         3.529     6.533 r  seg_OBUF[5]_inst/O
                         net (fo=0)                   0.000     6.533    seg[5]
    W6                                                                r  seg[5] (OUT)
  -------------------------------------------------------------------    -------------------

Slack:                    inf
  Source:                 seg7/an_reg[3]/C
                            (rising edge-triggered cell FDRE)
  Destination:            an[3]
                            (output port)
  Path Group:             (none)
  Path Type:              Max at Slow Process Corner
  Data Path Delay:        6.459ns  (logic 4.101ns (63.499%)  route 2.358ns (36.501%))
  Logic Levels:           2  (FDRE=1 OBUF=1)

    Location             Delay type                Incr(ns)  Path(ns)    Netlist Resource(s)
  -------------------------------------------------------------------    -------------------
    SLICE_X48Y31         FDRE                         0.000     0.000 r  seg7/an_reg[3]/C
    SLICE_X48Y31         FDRE (Prop_fdre_C_Q)         0.419     0.419 r  seg7/an_reg[3]/Q
                         net (fo=1, routed)           2.358     2.777    an_OBUF[3]
    W4                   OBUF (Prop_obuf_I_O)         3.682     6.459 r  an_OBUF[3]_inst/O
                         net (fo=0)                   0.000     6.459    an[3]
    W4                                                                r  an[3] (OUT)
  -------------------------------------------------------------------    -------------------

Slack:                    inf
  Source:                 seg7/an_reg[1]/C
                            (rising edge-triggered cell FDRE)
  Destination:            an[1]
                            (output port)
  Path Group:             (none)
  Path Type:              Max at Slow Process Corner
  Data Path Delay:        6.277ns  (logic 3.955ns (63.014%)  route 2.321ns (36.986%))
  Logic Levels:           2  (FDRE=1 OBUF=1)

    Location             Delay type                Incr(ns)  Path(ns)    Netlist Resource(s)
  -------------------------------------------------------------------    -------------------
    SLICE_X48Y31         FDRE                         0.000     0.000 r  seg7/an_reg[1]/C
    SLICE_X48Y31         FDRE (Prop_fdre_C_Q)         0.456     0.456 r  seg7/an_reg[1]/Q
                         net (fo=1, routed)           2.321     2.777    an_OBUF[1]
    U4                   OBUF (Prop_obuf_I_O)         3.499     6.277 r  an_OBUF[1]_inst/O
                         net (fo=0)                   0.000     6.277    an[1]
    U4                                                                r  an[1] (OUT)
  -------------------------------------------------------------------    -------------------





Min Delay Paths
--------------------------------------------------------------------------------------
Slack:                    inf
  Source:                 seg7/FSM_sequential_state_reg[0]/C
                            (rising edge-triggered cell FDRE)
  Destination:            seg7/seg_reg[1]/D
  Path Group:             (none)
  Path Type:              Min at Fast Process Corner
  Data Path Delay:        0.414ns  (logic 0.209ns (50.530%)  route 0.205ns (49.470%))
  Logic Levels:           2  (FDRE=1 LUT6=1)

    Location             Delay type                Incr(ns)  Path(ns)    Netlist Resource(s)
  -------------------------------------------------------------------    -------------------
    SLICE_X46Y32         FDRE                         0.000     0.000 r  seg7/FSM_sequential_state_reg[0]/C
    SLICE_X46Y32         FDRE (Prop_fdre_C_Q)         0.164     0.164 r  seg7/FSM_sequential_state_reg[0]/Q
                         net (fo=29, routed)          0.205     0.369    clock/mins/state[0]
    SLICE_X47Y32         LUT6 (Prop_lut6_I3_O)        0.045     0.414 r  clock/mins/seg[1]_i_1/O
                         net (fo=1, routed)           0.000     0.414    seg7/D[1]
    SLICE_X47Y32         FDRE                                         r  seg7/seg_reg[1]/D
  -------------------------------------------------------------------    -------------------

Slack:                    inf
  Source:                 seg7/FSM_sequential_state_reg[0]/C
                            (rising edge-triggered cell FDRE)
  Destination:            seg7/seg_reg[2]/D
  Path Group:             (none)
  Path Type:              Min at Fast Process Corner
  Data Path Delay:        0.456ns  (logic 0.209ns (45.785%)  route 0.247ns (54.215%))
  Logic Levels:           2  (FDRE=1 LUT6=1)

    Location             Delay type                Incr(ns)  Path(ns)    Netlist Resource(s)
  -------------------------------------------------------------------    -------------------
    SLICE_X46Y32         FDRE                         0.000     0.000 r  seg7/FSM_sequential_state_reg[0]/C
    SLICE_X46Y32         FDRE (Prop_fdre_C_Q)         0.164     0.164 r  seg7/FSM_sequential_state_reg[0]/Q
                         net (fo=29, routed)          0.247     0.411    clock/mins/state[0]
    SLICE_X46Y33         LUT6 (Prop_lut6_I1_O)        0.045     0.456 r  clock/mins/seg[2]_i_1/O
                         net (fo=1, routed)           0.000     0.456    seg7/D[2]
    SLICE_X46Y33         FDRE                                         r  seg7/seg_reg[2]/D
  -------------------------------------------------------------------    -------------------

Slack:                    inf
  Source:                 seg7/FSM_sequential_state_reg[0]/C
                            (rising edge-triggered cell FDRE)
  Destination:            seg7/FSM_sequential_state_reg[1]/D
  Path Group:             (none)
  Path Type:              Min at Fast Process Corner
  Data Path Delay:        0.499ns  (logic 0.208ns (41.716%)  route 0.291ns (58.284%))
  Logic Levels:           2  (FDRE=1 LUT2=1)

    Location             Delay type                Incr(ns)  Path(ns)    Netlist Resource(s)
  -------------------------------------------------------------------    -------------------
    SLICE_X46Y32         FDRE                         0.000     0.000 r  seg7/FSM_sequential_state_reg[0]/C
    SLICE_X46Y32         FDRE (Prop_fdre_C_Q)         0.164     0.164 r  seg7/FSM_sequential_state_reg[0]/Q
                         net (fo=29, routed)          0.291     0.455    seg7/state[0]
    SLICE_X46Y32         LUT2 (Prop_lut2_I0_O)        0.044     0.499 r  seg7/FSM_sequential_state[1]_i_1/O
                         net (fo=1, routed)           0.000     0.499    seg7/state__0[1]
    SLICE_X46Y32         FDRE                                         r  seg7/FSM_sequential_state_reg[1]/D
  -------------------------------------------------------------------    -------------------

Slack:                    inf
  Source:                 seg7/FSM_sequential_state_reg[0]/C
                            (rising edge-triggered cell FDRE)
  Destination:            seg7/FSM_sequential_state_reg[0]/D
  Path Group:             (none)
  Path Type:              Min at Fast Process Corner
  Data Path Delay:        0.500ns  (logic 0.209ns (41.832%)  route 0.291ns (58.168%))
  Logic Levels:           2  (FDRE=1 LUT1=1)

    Location             Delay type                Incr(ns)  Path(ns)    Netlist Resource(s)
  -------------------------------------------------------------------    -------------------
    SLICE_X46Y32         FDRE                         0.000     0.000 r  seg7/FSM_sequential_state_reg[0]/C
    SLICE_X46Y32         FDRE (Prop_fdre_C_Q)         0.164     0.164 f  seg7/FSM_sequential_state_reg[0]/Q
                         net (fo=29, routed)          0.291     0.455    seg7/state[0]
    SLICE_X46Y32         LUT1 (Prop_lut1_I0_O)        0.045     0.500 r  seg7/FSM_sequential_state[0]_i_1/O
                         net (fo=1, routed)           0.000     0.500    seg7/state__0[0]
    SLICE_X46Y32         FDRE                                         r  seg7/FSM_sequential_state_reg[0]/D
  -------------------------------------------------------------------    -------------------

Slack:                    inf
  Source:                 seg7/FSM_sequential_state_reg[0]/C
                            (rising edge-triggered cell FDRE)
  Destination:            seg7/seg_reg[3]/D
  Path Group:             (none)
  Path Type:              Min at Fast Process Corner
  Data Path Delay:        0.502ns  (logic 0.209ns (41.665%)  route 0.293ns (58.335%))
  Logic Levels:           2  (FDRE=1 LUT6=1)

    Location             Delay type                Incr(ns)  Path(ns)    Netlist Resource(s)
  -------------------------------------------------------------------    -------------------
    SLICE_X46Y32         FDRE                         0.000     0.000 r  seg7/FSM_sequential_state_reg[0]/C
    SLICE_X46Y32         FDRE (Prop_fdre_C_Q)         0.164     0.164 r  seg7/FSM_sequential_state_reg[0]/Q
                         net (fo=29, routed)          0.293     0.457    clock/mins/state[0]
    SLICE_X46Y32         LUT6 (Prop_lut6_I3_O)        0.045     0.502 r  clock/mins/seg[3]_i_1/O
                         net (fo=1, routed)           0.000     0.502    seg7/D[3]
    SLICE_X46Y32         FDRE                                         r  seg7/seg_reg[3]/D
  -------------------------------------------------------------------    -------------------

Slack:                    inf
  Source:                 seg7/FSM_sequential_state_reg[1]/C
                            (rising edge-triggered cell FDRE)
  Destination:            seg7/seg_reg[6]/D
  Path Group:             (none)
  Path Type:              Min at Fast Process Corner
  Data Path Delay:        0.512ns  (logic 0.247ns (48.257%)  route 0.265ns (51.743%))
  Logic Levels:           2  (FDRE=1 LUT5=1)

    Location             Delay type                Incr(ns)  Path(ns)    Netlist Resource(s)
  -------------------------------------------------------------------    -------------------
    SLICE_X46Y32         FDRE                         0.000     0.000 r  seg7/FSM_sequential_state_reg[1]/C
    SLICE_X46Y32         FDRE (Prop_fdre_C_Q)         0.148     0.148 r  seg7/FSM_sequential_state_reg[1]/Q
                         net (fo=28, routed)          0.265     0.413    clock/hours/state[1]
    SLICE_X47Y33         LUT5 (Prop_lut5_I2_O)        0.099     0.512 r  clock/hours/seg[6]_i_1/O
                         net (fo=1, routed)           0.000     0.512    seg7/D[6]
    SLICE_X47Y33         FDRE                                         r  seg7/seg_reg[6]/D
  -------------------------------------------------------------------    -------------------

Slack:                    inf
  Source:                 seg7/FSM_sequential_state_reg[1]/C
                            (rising edge-triggered cell FDRE)
  Destination:            seg7/an_reg[0]/D
  Path Group:             (none)
  Path Type:              Min at Fast Process Corner
  Data Path Delay:        0.575ns  (logic 0.251ns (43.669%)  route 0.324ns (56.331%))
  Logic Levels:           2  (FDRE=1 LUT2=1)

    Location             Delay type                Incr(ns)  Path(ns)    Netlist Resource(s)
  -------------------------------------------------------------------    -------------------
    SLICE_X46Y32         FDRE                         0.000     0.000 r  seg7/FSM_sequential_state_reg[1]/C
    SLICE_X46Y32         FDRE (Prop_fdre_C_Q)         0.148     0.148 f  seg7/FSM_sequential_state_reg[1]/Q
                         net (fo=28, routed)          0.205     0.353    seg7/state[1]
    SLICE_X46Y32         LUT2 (Prop_lut2_I0_O)        0.103     0.456 r  seg7/an[0]_i_1/O
                         net (fo=1, routed)           0.119     0.575    seg7/an[0]_i_1_n_0
    SLICE_X46Y32         FDRE                                         r  seg7/an_reg[0]/D
  -------------------------------------------------------------------    -------------------

Slack:                    inf
  Source:                 seg7/FSM_sequential_state_reg[1]/C
                            (rising edge-triggered cell FDRE)
  Destination:            seg7/seg_reg[4]/D
  Path Group:             (none)
  Path Type:              Min at Fast Process Corner
  Data Path Delay:        0.606ns  (logic 0.292ns (48.148%)  route 0.314ns (51.852%))
  Logic Levels:           3  (FDRE=1 LUT2=1 LUT6=1)

    Location             Delay type                Incr(ns)  Path(ns)    Netlist Resource(s)
  -------------------------------------------------------------------    -------------------
    SLICE_X46Y32         FDRE                         0.000     0.000 r  seg7/FSM_sequential_state_reg[1]/C
    SLICE_X46Y32         FDRE (Prop_fdre_C_Q)         0.148     0.148 r  seg7/FSM_sequential_state_reg[1]/Q
                         net (fo=28, routed)          0.205     0.353    seg7/state[1]
    SLICE_X46Y32         LUT2 (Prop_lut2_I1_O)        0.099     0.452 r  seg7/seg[4]_i_4/O
                         net (fo=1, routed)           0.110     0.561    clock/mins/seg_reg[4]
    SLICE_X46Y33         LUT6 (Prop_lut6_I2_O)        0.045     0.606 r  clock/mins/seg[4]_i_1/O
                         net (fo=1, routed)           0.000     0.606    seg7/D[4]
    SLICE_X46Y33         FDRE                                         r  seg7/seg_reg[4]/D
  -------------------------------------------------------------------    -------------------

Slack:                    inf
  Source:                 seg7/FSM_sequential_state_reg[0]/C
                            (rising edge-triggered cell FDRE)
  Destination:            seg7/an_reg[3]/D
  Path Group:             (none)
  Path Type:              Min at Fast Process Corner
  Data Path Delay:        0.624ns  (logic 0.207ns (33.199%)  route 0.417ns (66.801%))
  Logic Levels:           2  (FDRE=1 LUT2=1)

    Location             Delay type                Incr(ns)  Path(ns)    Netlist Resource(s)
  -------------------------------------------------------------------    -------------------
    SLICE_X46Y32         FDRE                         0.000     0.000 r  seg7/FSM_sequential_state_reg[0]/C
    SLICE_X46Y32         FDRE (Prop_fdre_C_Q)         0.164     0.164 r  seg7/FSM_sequential_state_reg[0]/Q
                         net (fo=29, routed)          0.417     0.581    seg7/state[0]
    SLICE_X48Y31         LUT2 (Prop_lut2_I1_O)        0.043     0.624 r  seg7/an[3]_i_1/O
                         net (fo=1, routed)           0.000     0.624    seg7/an[3]_i_1_n_0
    SLICE_X48Y31         FDRE                                         r  seg7/an_reg[3]/D
  -------------------------------------------------------------------    -------------------

Slack:                    inf
  Source:                 seg7/FSM_sequential_state_reg[0]/C
                            (rising edge-triggered cell FDRE)
  Destination:            seg7/an_reg[2]/D
  Path Group:             (none)
  Path Type:              Min at Fast Process Corner
  Data Path Delay:        0.626ns  (logic 0.209ns (33.413%)  route 0.417ns (66.587%))
  Logic Levels:           2  (FDRE=1 LUT2=1)

    Location             Delay type                Incr(ns)  Path(ns)    Netlist Resource(s)
  -------------------------------------------------------------------    -------------------
    SLICE_X46Y32         FDRE                         0.000     0.000 r  seg7/FSM_sequential_state_reg[0]/C
    SLICE_X46Y32         FDRE (Prop_fdre_C_Q)         0.164     0.164 f  seg7/FSM_sequential_state_reg[0]/Q
                         net (fo=29, routed)          0.417     0.581    seg7/state[0]
    SLICE_X48Y31         LUT2 (Prop_lut2_I1_O)        0.045     0.626 r  seg7/an[2]_i_1/O
                         net (fo=1, routed)           0.000     0.626    seg7/an[2]_i_1_n_0
    SLICE_X48Y31         FDRE                                         r  seg7/an_reg[2]/D
  -------------------------------------------------------------------    -------------------





--------------------------------------------------------------------------------------
Path Group:  (none)
From Clock:  sys_clk_pin
  To Clock:  

Max Delay            15 Endpoints
Min Delay            15 Endpoints
--------------------------------------------------------------------------------------


Max Delay Paths
--------------------------------------------------------------------------------------
Slack:                    inf
  Source:                 clock/sec_reg[1]/C
                            (rising edge-triggered cell FDRE clocked by sys_clk_pin  {rise@0.000ns fall@5.000ns period=10.000ns})
  Destination:            led[3]
                            (output port)
  Path Group:             (none)
  Path Type:              Max at Slow Process Corner
  Data Path Delay:        16.416ns  (logic 7.772ns (47.345%)  route 8.644ns (52.655%))
  Logic Levels:           12  (CARRY4=5 LUT1=1 LUT4=2 LUT6=3 OBUF=1)
  Clock Uncertainty:      0.025ns  ((TSJ^2 + TIJ^2)^1/2 + DJ) / 2 + PE
    Total System Jitter     (TSJ):    0.050ns
    Total Input Jitter      (TIJ):    0.000ns
    Discrete Jitter          (DJ):    0.000ns
    Phase Error              (PE):    0.000ns

    Location             Delay type                Incr(ns)  Path(ns)    Netlist Resource(s)
  -------------------------------------------------------------------    -------------------
                         (clock sys_clk_pin rise edge)
                                                      0.000     0.000 r  
    W5                                                0.000     0.000 r  clk (IN)
                         net (fo=0)                   0.000     0.000    clk
    W5                   IBUF (Prop_ibuf_I_O)         1.458     1.458 r  clk_IBUF_inst/O
                         net (fo=1, routed)           1.967     3.425    clk_IBUF
    BUFGCTRL_X0Y0        BUFG (Prop_bufg_I_O)         0.096     3.521 r  clk_IBUF_BUFG_inst/O
                         net (fo=139, routed)         1.560     5.081    clock/clk_IBUF_BUFG
    SLICE_X38Y35         FDRE                                         r  clock/sec_reg[1]/C
  -------------------------------------------------------------------    -------------------
    SLICE_X38Y35         FDRE (Prop_fdre_C_Q)         0.478     5.559 f  clock/sec_reg[1]/Q
                         net (fo=8, routed)           0.878     6.437    clock/secs/Q[1]
    SLICE_X40Y35         LUT1 (Prop_lut1_I0_O)        0.295     6.732 r  clock/secs/hund1_carry_i_3/O
                         net (fo=1, routed)           0.000     6.732    clock/secs/hund1_carry_i_3_n_0
    SLICE_X40Y35         CARRY4 (Prop_carry4_S[1]_CO[3])
                                                      0.550     7.282 r  clock/secs/hund1_carry/CO[3]
                         net (fo=1, routed)           0.000     7.282    clock/secs/hund1_carry_n_0
    SLICE_X40Y36         CARRY4 (Prop_carry4_CI_O[1])
                                                      0.334     7.616 f  clock/secs/hund1_carry__0/O[1]
                         net (fo=6, routed)           0.856     8.472    clock/secs/hund1_carry__0_n_6
    SLICE_X40Y37         LUT4 (Prop_lut4_I3_O)        0.331     8.803 r  clock/secs/tens1_carry_i_1/O
                         net (fo=4, routed)           0.650     9.452    clock/secs/tens1_carry_i_1_n_0
    SLICE_X38Y37         CARRY4 (Prop_carry4_CYINIT_O[2])
                                                      0.804    10.256 r  clock/secs/tens1_carry/O[2]
                         net (fo=2, routed)           0.819    11.076    clock/secs/tens1_carry_n_5
    SLICE_X39Y36         LUT4 (Prop_lut4_I3_O)        0.301    11.377 r  clock/secs/tens1__6_carry_i_3/O
                         net (fo=1, routed)           0.000    11.377    clock/secs/tens1__6_carry_i_3_n_0
    SLICE_X39Y36         CARRY4 (Prop_carry4_S[3]_CO[3])
                                                      0.401    11.778 r  clock/secs/tens1__6_carry/CO[3]
                         net (fo=1, routed)           0.000    11.778    clock/secs/tens1__6_carry_n_0
    SLICE_X39Y37         CARRY4 (Prop_carry4_CI_O[0])
                                                      0.222    12.000 r  clock/secs/tens1__6_carry__0/O[0]
                         net (fo=8, routed)           0.864    12.863    clock/secs/tens1__6_carry__0_n_7
    SLICE_X36Y37         LUT6 (Prop_lut6_I1_O)        0.299    13.162 r  clock/secs/led_OBUF[4]_inst_i_3/O
                         net (fo=1, routed)           0.811    13.974    clock/secs/led_OBUF[4]_inst_i_3_n_0
    SLICE_X36Y36         LUT6 (Prop_lut6_I2_O)        0.124    14.098 r  clock/secs/led_OBUF[4]_inst_i_2/O
                         net (fo=4, routed)           0.692    14.790    clock/secs/led_OBUF[4]
    SLICE_X36Y36         LUT6 (Prop_lut6_I5_O)        0.124    14.914 r  clock/secs/led_OBUF[3]_inst_i_1/O
                         net (fo=1, routed)           3.074    17.988    led_OBUF[3]
    V19                  OBUF (Prop_obuf_I_O)         3.509    21.497 r  led_OBUF[3]_inst/O
                         net (fo=0)                   0.000    21.497    led[3]
    V19                                                               r  led[3] (OUT)
  -------------------------------------------------------------------    -------------------

Slack:                    inf
  Source:                 clock/sec_reg[1]/C
                            (rising edge-triggered cell FDRE clocked by sys_clk_pin  {rise@0.000ns fall@5.000ns period=10.000ns})
  Destination:            led[1]
                            (output port)
  Path Group:             (none)
  Path Type:              Max at Slow Process Corner
  Data Path Delay:        16.396ns  (logic 8.023ns (48.931%)  route 8.373ns (51.069%))
  Logic Levels:           12  (CARRY4=5 LUT1=1 LUT2=1 LUT4=2 LUT6=2 OBUF=1)
  Clock Uncertainty:      0.025ns  ((TSJ^2 + TIJ^2)^1/2 + DJ) / 2 + PE
    Total System Jitter     (TSJ):    0.050ns
    Total Input Jitter      (TIJ):    0.000ns
    Discrete Jitter          (DJ):    0.000ns
    Phase Error              (PE):    0.000ns

    Location             Delay type                Incr(ns)  Path(ns)    Netlist Resource(s)
  -------------------------------------------------------------------    -------------------
                         (clock sys_clk_pin rise edge)
                                                      0.000     0.000 r  
    W5                                                0.000     0.000 r  clk (IN)
                         net (fo=0)                   0.000     0.000    clk
    W5                   IBUF (Prop_ibuf_I_O)         1.458     1.458 r  clk_IBUF_inst/O
                         net (fo=1, routed)           1.967     3.425    clk_IBUF
    BUFGCTRL_X0Y0        BUFG (Prop_bufg_I_O)         0.096     3.521 r  clk_IBUF_BUFG_inst/O
                         net (fo=139, routed)         1.560     5.081    clock/clk_IBUF_BUFG
    SLICE_X38Y35         FDRE                                         r  clock/sec_reg[1]/C
  -------------------------------------------------------------------    -------------------
    SLICE_X38Y35         FDRE (Prop_fdre_C_Q)         0.478     5.559 f  clock/sec_reg[1]/Q
                         net (fo=8, routed)           0.878     6.437    clock/secs/Q[1]
    SLICE_X40Y35         LUT1 (Prop_lut1_I0_O)        0.295     6.732 r  clock/secs/hund1_carry_i_3/O
                         net (fo=1, routed)           0.000     6.732    clock/secs/hund1_carry_i_3_n_0
    SLICE_X40Y35         CARRY4 (Prop_carry4_S[1]_CO[3])
                                                      0.550     7.282 r  clock/secs/hund1_carry/CO[3]
                         net (fo=1, routed)           0.000     7.282    clock/secs/hund1_carry_n_0
    SLICE_X40Y36         CARRY4 (Prop_carry4_CI_O[1])
                                                      0.334     7.616 f  clock/secs/hund1_carry__0/O[1]
                         net (fo=6, routed)           0.856     8.472    clock/secs/hund1_carry__0_n_6
    SLICE_X40Y37         LUT4 (Prop_lut4_I3_O)        0.331     8.803 r  clock/secs/tens1_carry_i_1/O
                         net (fo=4, routed)           0.650     9.452    clock/secs/tens1_carry_i_1_n_0
    SLICE_X38Y37         CARRY4 (Prop_carry4_CYINIT_O[2])
                                                      0.804    10.256 r  clock/secs/tens1_carry/O[2]
                         net (fo=2, routed)           0.819    11.076    clock/secs/tens1_carry_n_5
    SLICE_X39Y36         LUT4 (Prop_lut4_I3_O)        0.301    11.377 r  clock/secs/tens1__6_carry_i_3/O
                         net (fo=1, routed)           0.000    11.377    clock/secs/tens1__6_carry_i_3_n_0
    SLICE_X39Y36         CARRY4 (Prop_carry4_S[3]_CO[3])
                                                      0.401    11.778 r  clock/secs/tens1__6_carry/CO[3]
                         net (fo=1, routed)           0.000    11.778    clock/secs/tens1__6_carry_n_0
    SLICE_X39Y37         CARRY4 (Prop_carry4_CI_O[0])
                                                      0.222    12.000 r  clock/secs/tens1__6_carry__0/O[0]
                         net (fo=8, routed)           0.864    12.863    clock/secs/tens1__6_carry__0_n_7
    SLICE_X36Y37         LUT6 (Prop_lut6_I1_O)        0.299    13.162 r  clock/secs/led_OBUF[4]_inst_i_3/O
                         net (fo=1, routed)           0.811    13.974    clock/secs/led_OBUF[4]_inst_i_3_n_0
    SLICE_X36Y36         LUT6 (Prop_lut6_I2_O)        0.124    14.098 r  clock/secs/led_OBUF[4]_inst_i_2/O
                         net (fo=4, routed)           0.699    14.797    clock/secs/led_OBUF[4]
    SLICE_X36Y36         LUT2 (Prop_lut2_I1_O)        0.152    14.949 r  clock/secs/led_OBUF[1]_inst_i_1/O
                         net (fo=1, routed)           2.797    17.745    led_OBUF[1]
    E19                  OBUF (Prop_obuf_I_O)         3.732    21.477 r  led_OBUF[1]_inst/O
                         net (fo=0)                   0.000    21.477    led[1]
    E19                                                               r  led[1] (OUT)
  -------------------------------------------------------------------    -------------------

Slack:                    inf
  Source:                 clock/sec_reg[1]/C
                            (rising edge-triggered cell FDRE clocked by sys_clk_pin  {rise@0.000ns fall@5.000ns period=10.000ns})
  Destination:            led[2]
                            (output port)
  Path Group:             (none)
  Path Type:              Max at Slow Process Corner
  Data Path Delay:        16.384ns  (logic 7.764ns (47.386%)  route 8.620ns (52.614%))
  Logic Levels:           12  (CARRY4=5 LUT1=1 LUT4=3 LUT6=2 OBUF=1)
  Clock Uncertainty:      0.025ns  ((TSJ^2 + TIJ^2)^1/2 + DJ) / 2 + PE
    Total System Jitter     (TSJ):    0.050ns
    Total Input Jitter      (TIJ):    0.000ns
    Discrete Jitter          (DJ):    0.000ns
    Phase Error              (PE):    0.000ns

    Location             Delay type                Incr(ns)  Path(ns)    Netlist Resource(s)
  -------------------------------------------------------------------    -------------------
                         (clock sys_clk_pin rise edge)
                                                      0.000     0.000 r  
    W5                                                0.000     0.000 r  clk (IN)
                         net (fo=0)                   0.000     0.000    clk
    W5                   IBUF (Prop_ibuf_I_O)         1.458     1.458 r  clk_IBUF_inst/O
                         net (fo=1, routed)           1.967     3.425    clk_IBUF
    BUFGCTRL_X0Y0        BUFG (Prop_bufg_I_O)         0.096     3.521 r  clk_IBUF_BUFG_inst/O
                         net (fo=139, routed)         1.560     5.081    clock/clk_IBUF_BUFG
    SLICE_X38Y35         FDRE                                         r  clock/sec_reg[1]/C
  -------------------------------------------------------------------    -------------------
    SLICE_X38Y35         FDRE (Prop_fdre_C_Q)         0.478     5.559 f  clock/sec_reg[1]/Q
                         net (fo=8, routed)           0.878     6.437    clock/secs/Q[1]
    SLICE_X40Y35         LUT1 (Prop_lut1_I0_O)        0.295     6.732 r  clock/secs/hund1_carry_i_3/O
                         net (fo=1, routed)           0.000     6.732    clock/secs/hund1_carry_i_3_n_0
    SLICE_X40Y35         CARRY4 (Prop_carry4_S[1]_CO[3])
                                                      0.550     7.282 r  clock/secs/hund1_carry/CO[3]
                         net (fo=1, routed)           0.000     7.282    clock/secs/hund1_carry_n_0
    SLICE_X40Y36         CARRY4 (Prop_carry4_CI_O[1])
                                                      0.334     7.616 f  clock/secs/hund1_carry__0/O[1]
                         net (fo=6, routed)           0.856     8.472    clock/secs/hund1_carry__0_n_6
    SLICE_X40Y37         LUT4 (Prop_lut4_I3_O)        0.331     8.803 r  clock/secs/tens1_carry_i_1/O
                         net (fo=4, routed)           0.650     9.452    clock/secs/tens1_carry_i_1_n_0
    SLICE_X38Y37         CARRY4 (Prop_carry4_CYINIT_O[2])
                                                      0.804    10.256 r  clock/secs/tens1_carry/O[2]
                         net (fo=2, routed)           0.819    11.076    clock/secs/tens1_carry_n_5
    SLICE_X39Y36         LUT4 (Prop_lut4_I3_O)        0.301    11.377 r  clock/secs/tens1__6_carry_i_3/O
                         net (fo=1, routed)           0.000    11.377    clock/secs/tens1__6_carry_i_3_n_0
    SLICE_X39Y36         CARRY4 (Prop_carry4_S[3]_CO[3])
                                                      0.401    11.778 r  clock/secs/tens1__6_carry/CO[3]
                         net (fo=1, routed)           0.000    11.778    clock/secs/tens1__6_carry_n_0
    SLICE_X39Y37         CARRY4 (Prop_carry4_CI_O[0])
                                                      0.222    12.000 r  clock/secs/tens1__6_carry__0/O[0]
                         net (fo=8, routed)           0.864    12.863    clock/secs/tens1__6_carry__0_n_7
    SLICE_X36Y37         LUT6 (Prop_lut6_I1_O)        0.299    13.162 r  clock/secs/led_OBUF[4]_inst_i_3/O
                         net (fo=1, routed)           0.811    13.974    clock/secs/led_OBUF[4]_inst_i_3_n_0
    SLICE_X36Y36         LUT6 (Prop_lut6_I2_O)        0.124    14.098 r  clock/secs/led_OBUF[4]_inst_i_2/O
                         net (fo=4, routed)           0.699    14.797    clock/secs/led_OBUF[4]
    SLICE_X36Y36         LUT4 (Prop_lut4_I2_O)        0.124    14.921 r  clock/secs/led_OBUF[2]_inst_i_1/O
                         net (fo=1, routed)           3.044    17.965    led_OBUF[2]
    U19                  OBUF (Prop_obuf_I_O)         3.501    21.466 r  led_OBUF[2]_inst/O
                         net (fo=0)                   0.000    21.466    led[2]
    U19                                                               r  led[2] (OUT)
  -------------------------------------------------------------------    -------------------

Slack:                    inf
  Source:                 clock/sec_reg[1]/C
                            (rising edge-triggered cell FDRE clocked by sys_clk_pin  {rise@0.000ns fall@5.000ns period=10.000ns})
  Destination:            led[6]
                            (output port)
  Path Group:             (none)
  Path Type:              Max at Slow Process Corner
  Data Path Delay:        15.404ns  (logic 7.637ns (49.578%)  route 7.767ns (50.422%))
  Logic Levels:           10  (CARRY4=5 LUT1=1 LUT4=2 LUT6=1 OBUF=1)
  Clock Uncertainty:      0.025ns  ((TSJ^2 + TIJ^2)^1/2 + DJ) / 2 + PE
    Total System Jitter     (TSJ):    0.050ns
    Total Input Jitter      (TIJ):    0.000ns
    Discrete Jitter          (DJ):    0.000ns
    Phase Error              (PE):    0.000ns

    Location             Delay type                Incr(ns)  Path(ns)    Netlist Resource(s)
  -------------------------------------------------------------------    -------------------
                         (clock sys_clk_pin rise edge)
                                                      0.000     0.000 r  
    W5                                                0.000     0.000 r  clk (IN)
                         net (fo=0)                   0.000     0.000    clk
    W5                   IBUF (Prop_ibuf_I_O)         1.458     1.458 r  clk_IBUF_inst/O
                         net (fo=1, routed)           1.967     3.425    clk_IBUF
    BUFGCTRL_X0Y0        BUFG (Prop_bufg_I_O)         0.096     3.521 r  clk_IBUF_BUFG_inst/O
                         net (fo=139, routed)         1.560     5.081    clock/clk_IBUF_BUFG
    SLICE_X38Y35         FDRE                                         r  clock/sec_reg[1]/C
  -------------------------------------------------------------------    -------------------
    SLICE_X38Y35         FDRE (Prop_fdre_C_Q)         0.478     5.559 f  clock/sec_reg[1]/Q
                         net (fo=8, routed)           0.878     6.437    clock/secs/Q[1]
    SLICE_X40Y35         LUT1 (Prop_lut1_I0_O)        0.295     6.732 r  clock/secs/hund1_carry_i_3/O
                         net (fo=1, routed)           0.000     6.732    clock/secs/hund1_carry_i_3_n_0
    SLICE_X40Y35         CARRY4 (Prop_carry4_S[1]_CO[3])
                                                      0.550     7.282 r  clock/secs/hund1_carry/CO[3]
                         net (fo=1, routed)           0.000     7.282    clock/secs/hund1_carry_n_0
    SLICE_X40Y36         CARRY4 (Prop_carry4_CI_O[1])
                                                      0.334     7.616 f  clock/secs/hund1_carry__0/O[1]
                         net (fo=6, routed)           0.856     8.472    clock/secs/hund1_carry__0_n_6
    SLICE_X40Y37         LUT4 (Prop_lut4_I3_O)        0.331     8.803 r  clock/secs/tens1_carry_i_1/O
                         net (fo=4, routed)           0.650     9.452    clock/secs/tens1_carry_i_1_n_0
    SLICE_X38Y37         CARRY4 (Prop_carry4_CYINIT_O[2])
                                                      0.804    10.256 r  clock/secs/tens1_carry/O[2]
                         net (fo=2, routed)           0.819    11.076    clock/secs/tens1_carry_n_5
    SLICE_X39Y36         LUT4 (Prop_lut4_I3_O)        0.301    11.377 r  clock/secs/tens1__6_carry_i_3/O
                         net (fo=1, routed)           0.000    11.377    clock/secs/tens1__6_carry_i_3_n_0
    SLICE_X39Y36         CARRY4 (Prop_carry4_S[3]_CO[3])
                                                      0.401    11.778 r  clock/secs/tens1__6_carry/CO[3]
                         net (fo=1, routed)           0.000    11.778    clock/secs/tens1__6_carry_n_0
    SLICE_X39Y37         CARRY4 (Prop_carry4_CI_O[1])
                                                      0.334    12.112 r  clock/secs/tens1__6_carry__0/O[1]
                         net (fo=8, routed)           0.835    12.947    clock/secs/tens1__6_carry__0_n_6
    SLICE_X36Y37         LUT6 (Prop_lut6_I5_O)        0.303    13.250 r  clock/secs/led_OBUF[6]_inst_i_1/O
                         net (fo=3, routed)           3.730    16.979    led_OBUF[6]
    U14                  OBUF (Prop_obuf_I_O)         3.506    20.485 r  led_OBUF[6]_inst/O
                         net (fo=0)                   0.000    20.485    led[6]
    U14                                                               r  led[6] (OUT)
  -------------------------------------------------------------------    -------------------

Slack:                    inf
  Source:                 clock/sec_reg[1]/C
                            (rising edge-triggered cell FDRE clocked by sys_clk_pin  {rise@0.000ns fall@5.000ns period=10.000ns})
  Destination:            led[4]
                            (output port)
  Path Group:             (none)
  Path Type:              Max at Slow Process Corner
  Data Path Delay:        15.360ns  (logic 7.648ns (49.789%)  route 7.712ns (50.211%))
  Logic Levels:           11  (CARRY4=5 LUT1=1 LUT4=2 LUT6=2 OBUF=1)
  Clock Uncertainty:      0.025ns  ((TSJ^2 + TIJ^2)^1/2 + DJ) / 2 + PE
    Total System Jitter     (TSJ):    0.050ns
    Total Input Jitter      (TIJ):    0.000ns
    Discrete Jitter          (DJ):    0.000ns
    Phase Error              (PE):    0.000ns

    Location             Delay type                Incr(ns)  Path(ns)    Netlist Resource(s)
  -------------------------------------------------------------------    -------------------
                         (clock sys_clk_pin rise edge)
                                                      0.000     0.000 r  
    W5                                                0.000     0.000 r  clk (IN)
                         net (fo=0)                   0.000     0.000    clk
    W5                   IBUF (Prop_ibuf_I_O)         1.458     1.458 r  clk_IBUF_inst/O
                         net (fo=1, routed)           1.967     3.425    clk_IBUF
    BUFGCTRL_X0Y0        BUFG (Prop_bufg_I_O)         0.096     3.521 r  clk_IBUF_BUFG_inst/O
                         net (fo=139, routed)         1.560     5.081    clock/clk_IBUF_BUFG
    SLICE_X38Y35         FDRE                                         r  clock/sec_reg[1]/C
  -------------------------------------------------------------------    -------------------
    SLICE_X38Y35         FDRE (Prop_fdre_C_Q)         0.478     5.559 f  clock/sec_reg[1]/Q
                         net (fo=8, routed)           0.878     6.437    clock/secs/Q[1]
    SLICE_X40Y35         LUT1 (Prop_lut1_I0_O)        0.295     6.732 r  clock/secs/hund1_carry_i_3/O
                         net (fo=1, routed)           0.000     6.732    clock/secs/hund1_carry_i_3_n_0
    SLICE_X40Y35         CARRY4 (Prop_carry4_S[1]_CO[3])
                                                      0.550     7.282 r  clock/secs/hund1_carry/CO[3]
                         net (fo=1, routed)           0.000     7.282    clock/secs/hund1_carry_n_0
    SLICE_X40Y36         CARRY4 (Prop_carry4_CI_O[1])
                                                      0.334     7.616 f  clock/secs/hund1_carry__0/O[1]
                         net (fo=6, routed)           0.856     8.472    clock/secs/hund1_carry__0_n_6
    SLICE_X40Y37         LUT4 (Prop_lut4_I3_O)        0.331     8.803 r  clock/secs/tens1_carry_i_1/O
                         net (fo=4, routed)           0.650     9.452    clock/secs/tens1_carry_i_1_n_0
    SLICE_X38Y37         CARRY4 (Prop_carry4_CYINIT_O[2])
                                                      0.804    10.256 r  clock/secs/tens1_carry/O[2]
                         net (fo=2, routed)           0.819    11.076    clock/secs/tens1_carry_n_5
    SLICE_X39Y36         LUT4 (Prop_lut4_I3_O)        0.301    11.377 r  clock/secs/tens1__6_carry_i_3/O
                         net (fo=1, routed)           0.000    11.377    clock/secs/tens1__6_carry_i_3_n_0
    SLICE_X39Y36         CARRY4 (Prop_carry4_S[3]_CO[3])
                                                      0.401    11.778 r  clock/secs/tens1__6_carry/CO[3]
                         net (fo=1, routed)           0.000    11.778    clock/secs/tens1__6_carry_n_0
    SLICE_X39Y37         CARRY4 (Prop_carry4_CI_O[0])
                                                      0.222    12.000 r  clock/secs/tens1__6_carry__0/O[0]
                         net (fo=8, routed)           0.864    12.863    clock/secs/tens1__6_carry__0_n_7
    SLICE_X36Y37         LUT6 (Prop_lut6_I1_O)        0.299    13.162 r  clock/secs/led_OBUF[4]_inst_i_3/O
                         net (fo=1, routed)           0.811    13.974    clock/secs/led_OBUF[4]_inst_i_3_n_0
    SLICE_X36Y36         LUT6 (Prop_lut6_I2_O)        0.124    14.098 r  clock/secs/led_OBUF[4]_inst_i_2/O
                         net (fo=4, routed)           2.835    16.933    led_OBUF[4]
    W18                  OBUF (Prop_obuf_I_O)         3.509    20.441 r  led_OBUF[4]_inst/O
                         net (fo=0)                   0.000    20.441    led[4]
    W18                                                               r  led[4] (OUT)
  -------------------------------------------------------------------    -------------------

Slack:                    inf
  Source:                 clock/sec_reg[1]/C
                            (rising edge-triggered cell FDRE clocked by sys_clk_pin  {rise@0.000ns fall@5.000ns period=10.000ns})
  Destination:            led[7]
                            (output port)
  Path Group:             (none)
  Path Type:              Max at Slow Process Corner
  Data Path Delay:        15.295ns  (logic 7.536ns (49.268%)  route 7.760ns (50.732%))
  Logic Levels:           10  (CARRY4=5 LUT1=1 LUT4=2 LUT6=1 OBUF=1)
  Clock Uncertainty:      0.025ns  ((TSJ^2 + TIJ^2)^1/2 + DJ) / 2 + PE
    Total System Jitter     (TSJ):    0.050ns
    Total Input Jitter      (TIJ):    0.000ns
    Discrete Jitter          (DJ):    0.000ns
    Phase Error              (PE):    0.000ns

    Location             Delay type                Incr(ns)  Path(ns)    Netlist Resource(s)
  -------------------------------------------------------------------    -------------------
                         (clock sys_clk_pin rise edge)
                                                      0.000     0.000 r  
    W5                                                0.000     0.000 r  clk (IN)
                         net (fo=0)                   0.000     0.000    clk
    W5                   IBUF (Prop_ibuf_I_O)         1.458     1.458 r  clk_IBUF_inst/O
                         net (fo=1, routed)           1.967     3.425    clk_IBUF
    BUFGCTRL_X0Y0        BUFG (Prop_bufg_I_O)         0.096     3.521 r  clk_IBUF_BUFG_inst/O
                         net (fo=139, routed)         1.560     5.081    clock/clk_IBUF_BUFG
    SLICE_X38Y35         FDRE                                         r  clock/sec_reg[1]/C
  -------------------------------------------------------------------    -------------------
    SLICE_X38Y35         FDRE (Prop_fdre_C_Q)         0.478     5.559 f  clock/sec_reg[1]/Q
                         net (fo=8, routed)           0.878     6.437    clock/secs/Q[1]
    SLICE_X40Y35         LUT1 (Prop_lut1_I0_O)        0.295     6.732 r  clock/secs/hund1_carry_i_3/O
                         net (fo=1, routed)           0.000     6.732    clock/secs/hund1_carry_i_3_n_0
    SLICE_X40Y35         CARRY4 (Prop_carry4_S[1]_CO[3])
                                                      0.550     7.282 r  clock/secs/hund1_carry/CO[3]
                         net (fo=1, routed)           0.000     7.282    clock/secs/hund1_carry_n_0
    SLICE_X40Y36         CARRY4 (Prop_carry4_CI_O[1])
                                                      0.334     7.616 f  clock/secs/hund1_carry__0/O[1]
                         net (fo=6, routed)           0.856     8.472    clock/secs/hund1_carry__0_n_6
    SLICE_X40Y37         LUT4 (Prop_lut4_I3_O)        0.331     8.803 r  clock/secs/tens1_carry_i_1/O
                         net (fo=4, routed)           0.650     9.452    clock/secs/tens1_carry_i_1_n_0
    SLICE_X38Y37         CARRY4 (Prop_carry4_CYINIT_O[2])
                                                      0.804    10.256 r  clock/secs/tens1_carry/O[2]
                         net (fo=2, routed)           0.819    11.076    clock/secs/tens1_carry_n_5
    SLICE_X39Y36         LUT4 (Prop_lut4_I3_O)        0.301    11.377 r  clock/secs/tens1__6_carry_i_3/O
                         net (fo=1, routed)           0.000    11.377    clock/secs/tens1__6_carry_i_3_n_0
    SLICE_X39Y36         CARRY4 (Prop_carry4_S[3]_CO[3])
                                                      0.401    11.778 r  clock/secs/tens1__6_carry/CO[3]
                         net (fo=1, routed)           0.000    11.778    clock/secs/tens1__6_carry_n_0
    SLICE_X39Y37         CARRY4 (Prop_carry4_CI_O[2])
                                                      0.239    12.017 r  clock/secs/tens1__6_carry__0/O[2]
                         net (fo=8, routed)           0.861    12.878    clock/secs/tens1__6_carry__0_n_5
    SLICE_X36Y37         LUT6 (Prop_lut6_I5_O)        0.302    13.180 r  clock/secs/led_OBUF[7]_inst_i_1/O
                         net (fo=1, routed)           3.696    16.876    led_OBUF[7]
    V14                  OBUF (Prop_obuf_I_O)         3.501    20.377 r  led_OBUF[7]_inst/O
                         net (fo=0)                   0.000    20.377    led[7]
    V14                                                               r  led[7] (OUT)
  -------------------------------------------------------------------    -------------------

Slack:                    inf
  Source:                 clock/sec_reg[1]/C
                            (rising edge-triggered cell FDRE clocked by sys_clk_pin  {rise@0.000ns fall@5.000ns period=10.000ns})
  Destination:            led[5]
                            (output port)
  Path Group:             (none)
  Path Type:              Max at Slow Process Corner
  Data Path Delay:        15.116ns  (logic 7.529ns (49.810%)  route 7.587ns (50.190%))
  Logic Levels:           10  (CARRY4=5 LUT1=1 LUT4=2 LUT6=1 OBUF=1)
  Clock Uncertainty:      0.025ns  ((TSJ^2 + TIJ^2)^1/2 + DJ) / 2 + PE
    Total System Jitter     (TSJ):    0.050ns
    Total Input Jitter      (TIJ):    0.000ns
    Discrete Jitter          (DJ):    0.000ns
    Phase Error              (PE):    0.000ns

    Location             Delay type                Incr(ns)  Path(ns)    Netlist Resource(s)
  -------------------------------------------------------------------    -------------------
                         (clock sys_clk_pin rise edge)
                                                      0.000     0.000 r  
    W5                                                0.000     0.000 r  clk (IN)
                         net (fo=0)                   0.000     0.000    clk
    W5                   IBUF (Prop_ibuf_I_O)         1.458     1.458 r  clk_IBUF_inst/O
                         net (fo=1, routed)           1.967     3.425    clk_IBUF
    BUFGCTRL_X0Y0        BUFG (Prop_bufg_I_O)         0.096     3.521 r  clk_IBUF_BUFG_inst/O
                         net (fo=139, routed)         1.560     5.081    clock/clk_IBUF_BUFG
    SLICE_X38Y35         FDRE                                         r  clock/sec_reg[1]/C
  -------------------------------------------------------------------    -------------------
    SLICE_X38Y35         FDRE (Prop_fdre_C_Q)         0.478     5.559 f  clock/sec_reg[1]/Q
                         net (fo=8, routed)           0.878     6.437    clock/secs/Q[1]
    SLICE_X40Y35         LUT1 (Prop_lut1_I0_O)        0.295     6.732 r  clock/secs/hund1_carry_i_3/O
                         net (fo=1, routed)           0.000     6.732    clock/secs/hund1_carry_i_3_n_0
    SLICE_X40Y35         CARRY4 (Prop_carry4_S[1]_CO[3])
                                                      0.550     7.282 r  clock/secs/hund1_carry/CO[3]
                         net (fo=1, routed)           0.000     7.282    clock/secs/hund1_carry_n_0
    SLICE_X40Y36         CARRY4 (Prop_carry4_CI_O[1])
                                                      0.334     7.616 f  clock/secs/hund1_carry__0/O[1]
                         net (fo=6, routed)           0.856     8.472    clock/secs/hund1_carry__0_n_6
    SLICE_X40Y37         LUT4 (Prop_lut4_I3_O)        0.331     8.803 r  clock/secs/tens1_carry_i_1/O
                         net (fo=4, routed)           0.650     9.452    clock/secs/tens1_carry_i_1_n_0
    SLICE_X38Y37         CARRY4 (Prop_carry4_CYINIT_O[2])
                                                      0.804    10.256 r  clock/secs/tens1_carry/O[2]
                         net (fo=2, routed)           0.819    11.076    clock/secs/tens1_carry_n_5
    SLICE_X39Y36         LUT4 (Prop_lut4_I3_O)        0.301    11.377 r  clock/secs/tens1__6_carry_i_3/O
                         net (fo=1, routed)           0.000    11.377    clock/secs/tens1__6_carry_i_3_n_0
    SLICE_X39Y36         CARRY4 (Prop_carry4_S[3]_CO[3])
                                                      0.401    11.778 r  clock/secs/tens1__6_carry/CO[3]
                         net (fo=1, routed)           0.000    11.778    clock/secs/tens1__6_carry_n_0
    SLICE_X39Y37         CARRY4 (Prop_carry4_CI_O[0])
                                                      0.222    12.000 r  clock/secs/tens1__6_carry__0/O[0]
                         net (fo=8, routed)           0.856    12.856    clock/secs/tens1__6_carry__0_n_7
    SLICE_X36Y37         LUT6 (Prop_lut6_I1_O)        0.299    13.155 r  clock/secs/led_OBUF[5]_inst_i_1/O
                         net (fo=1, routed)           3.528    16.683    led_OBUF[5]
    U15                  OBUF (Prop_obuf_I_O)         3.514    20.198 r  led_OBUF[5]_inst/O
                         net (fo=0)                   0.000    20.198    led[5]
    U15                                                               r  led[5] (OUT)
  -------------------------------------------------------------------    -------------------

Slack:                    inf
  Source:                 clock/min_reg[0]/C
                            (rising edge-triggered cell FDRE clocked by sys_clk_pin  {rise@0.000ns fall@5.000ns period=10.000ns})
  Destination:            seg7/seg_reg[5]/D
  Path Group:             (none)
  Path Type:              Max at Slow Process Corner
  Data Path Delay:        11.391ns  (logic 4.152ns (36.451%)  route 7.239ns (63.549%))
  Logic Levels:           12  (CARRY4=5 LUT1=1 LUT4=2 LUT5=1 LUT6=3)
  Clock Uncertainty:      0.025ns  ((TSJ^2 + TIJ^2)^1/2 + DJ) / 2 + PE
    Total System Jitter     (TSJ):    0.050ns
    Total Input Jitter      (TIJ):    0.000ns
    Discrete Jitter          (DJ):    0.000ns
    Phase Error              (PE):    0.000ns

    Location             Delay type                Incr(ns)  Path(ns)    Netlist Resource(s)
  -------------------------------------------------------------------    -------------------
                         (clock sys_clk_pin rise edge)
                                                      0.000     0.000 r  
    W5                                                0.000     0.000 r  clk (IN)
                         net (fo=0)                   0.000     0.000    clk
    W5                   IBUF (Prop_ibuf_I_O)         1.458     1.458 r  clk_IBUF_inst/O
                         net (fo=1, routed)           1.967     3.425    clk_IBUF
    BUFGCTRL_X0Y0        BUFG (Prop_bufg_I_O)         0.096     3.521 r  clk_IBUF_BUFG_inst/O
                         net (fo=139, routed)         1.558     5.079    clock/clk_IBUF_BUFG
    SLICE_X39Y34         FDRE                                         r  clock/min_reg[0]/C
  -------------------------------------------------------------------    -------------------
    SLICE_X39Y34         FDRE (Prop_fdre_C_Q)         0.456     5.535 f  clock/min_reg[0]/Q
                         net (fo=9, routed)           0.870     6.406    clock/mins/Q[0]
    SLICE_X42Y34         LUT1 (Prop_lut1_I0_O)        0.124     6.530 r  clock/mins/hund1_carry_i_4__0/O
                         net (fo=1, routed)           0.000     6.530    clock/mins/hund1_carry_i_4__0_n_0
    SLICE_X42Y34         CARRY4 (Prop_carry4_S[0]_CO[3])
                                                      0.513     7.043 r  clock/mins/hund1_carry/CO[3]
                         net (fo=1, routed)           0.000     7.043    clock/mins/hund1_carry_n_0
    SLICE_X42Y35         CARRY4 (Prop_carry4_CI_O[1])
                                                      0.323     7.366 f  clock/mins/hund1_carry__0/O[1]
                         net (fo=6, routed)           0.844     8.210    clock/mins/hund1_carry__0_n_6
    SLICE_X42Y36         LUT4 (Prop_lut4_I3_O)        0.332     8.542 r  clock/mins/tens1_carry_i_1__0/O
                         net (fo=4, routed)           0.551     9.093    clock/mins/tens1_carry_i_1__0_n_0
    SLICE_X43Y37         CARRY4 (Prop_carry4_CYINIT_O[2])
                                                      0.788     9.881 r  clock/mins/tens1_carry/O[2]
                         net (fo=2, routed)           0.965    10.846    clock/mins/tens1_carry_n_5
    SLICE_X43Y35         LUT4 (Prop_lut4_I3_O)        0.302    11.148 r  clock/mins/tens1__6_carry_i_3__0/O
                         net (fo=1, routed)           0.000    11.148    clock/mins/tens1__6_carry_i_3__0_n_0
    SLICE_X43Y35         CARRY4 (Prop_carry4_S[3]_CO[3])
                                                      0.401    11.549 r  clock/mins/tens1__6_carry/CO[3]
                         net (fo=1, routed)           0.000    11.549    clock/mins/tens1__6_carry_n_0
    SLICE_X43Y36         CARRY4 (Prop_carry4_CI_O[2])
                                                      0.239    11.788 r  clock/mins/tens1__6_carry__0/O[2]
                         net (fo=10, routed)          1.299    13.087    clock/mins/tens1__6_carry__0_n_5
    SLICE_X41Y34         LUT6 (Prop_lut6_I1_O)        0.302    13.389 r  clock/mins/seg[4]_i_10/O
                         net (fo=10, routed)          1.029    14.418    clock/mins/seg[4]_i_10_n_0
    SLICE_X44Y33         LUT6 (Prop_lut6_I0_O)        0.124    14.542 f  clock/mins/seg[5]_i_17/O
                         net (fo=1, routed)           0.491    15.033    clock/mins/seg[5]_i_17_n_0
    SLICE_X44Y33         LUT5 (Prop_lut5_I2_O)        0.124    15.157 r  clock/mins/seg[5]_i_6/O
                         net (fo=1, routed)           1.189    16.346    clock/hours/seg_reg[5]_0
    SLICE_X48Y33         LUT6 (Prop_lut6_I5_O)        0.124    16.470 r  clock/hours/seg[5]_i_1/O
                         net (fo=1, routed)           0.000    16.470    seg7/D[5]
    SLICE_X48Y33         FDRE                                         r  seg7/seg_reg[5]/D
  -------------------------------------------------------------------    -------------------

Slack:                    inf
  Source:                 clock/hour_reg[0]/C
                            (rising edge-triggered cell FDRE clocked by sys_clk_pin  {rise@0.000ns fall@5.000ns period=10.000ns})
  Destination:            seg7/seg_reg[4]/D
  Path Group:             (none)
  Path Type:              Max at Slow Process Corner
  Data Path Delay:        11.334ns  (logic 3.985ns (35.159%)  route 7.349ns (64.841%))
  Logic Levels:           11  (CARRY4=4 LUT1=1 LUT4=2 LUT5=1 LUT6=3)
  Clock Uncertainty:      0.025ns  ((TSJ^2 + TIJ^2)^1/2 + DJ) / 2 + PE
    Total System Jitter     (TSJ):    0.050ns
    Total Input Jitter      (TIJ):    0.000ns
    Discrete Jitter          (DJ):    0.000ns
    Phase Error              (PE):    0.000ns

    Location             Delay type                Incr(ns)  Path(ns)    Netlist Resource(s)
  -------------------------------------------------------------------    -------------------
                         (clock sys_clk_pin rise edge)
                                                      0.000     0.000 r  
    W5                                                0.000     0.000 r  clk (IN)
                         net (fo=0)                   0.000     0.000    clk
    W5                   IBUF (Prop_ibuf_I_O)         1.458     1.458 r  clk_IBUF_inst/O
                         net (fo=1, routed)           1.967     3.425    clk_IBUF
    BUFGCTRL_X0Y0        BUFG (Prop_bufg_I_O)         0.096     3.521 r  clk_IBUF_BUFG_inst/O
                         net (fo=139, routed)         1.562     5.083    clock/clk_IBUF_BUFG
    SLICE_X44Y36         FDRE                                         r  clock/hour_reg[0]/C
  -------------------------------------------------------------------    -------------------
    SLICE_X44Y36         FDRE (Prop_fdre_C_Q)         0.456     5.539 f  clock/hour_reg[0]/Q
                         net (fo=8, routed)           0.708     6.247    clock/hours/Q[0]
    SLICE_X44Y37         LUT1 (Prop_lut1_I0_O)        0.124     6.371 r  clock/hours/hund1_carry_i_4__1/O
                         net (fo=1, routed)           0.000     6.371    clock/hours/hund1_carry_i_4__1_n_0
    SLICE_X44Y37         CARRY4 (Prop_carry4_S[0]_O[3])
                                                      0.606     6.977 f  clock/hours/hund1_carry/O[3]
                         net (fo=9, routed)           1.126     8.103    clock/hours/hund1_carry_n_4
    SLICE_X45Y38         LUT4 (Prop_lut4_I2_O)        0.334     8.437 r  clock/hours/tens1_carry_i_1__1/O
                         net (fo=4, routed)           0.493     8.930    clock/hours/tens1_carry_i_1__1_n_0
    SLICE_X47Y38         CARRY4 (Prop_carry4_CYINIT_O[2])
                                                      0.786     9.716 r  clock/hours/tens1_carry/O[2]
                         net (fo=2, routed)           0.627    10.344    clock/hours/tens1_carry_n_5
    SLICE_X46Y37         LUT4 (Prop_lut4_I3_O)        0.302    10.646 r  clock/hours/tens1__6_carry_i_3__1/O
                         net (fo=1, routed)           0.000    10.646    clock/hours/tens1__6_carry_i_3__1_n_0
    SLICE_X46Y37         CARRY4 (Prop_carry4_S[3]_CO[3])
                                                      0.376    11.022 r  clock/hours/tens1__6_carry/CO[3]
                         net (fo=1, routed)           0.000    11.022    clock/hours/tens1__6_carry_n_0
    SLICE_X46Y38         CARRY4 (Prop_carry4_CI_O[1])
                                                      0.323    11.345 r  clock/hours/tens1__6_carry__0/O[1]
                         net (fo=10, routed)          1.000    12.344    clock/hours/tens1__6_carry__0_n_6
    SLICE_X45Y36         LUT6 (Prop_lut6_I3_O)        0.306    12.650 r  clock/hours/seg[5]_i_12/O
                         net (fo=8, routed)           1.201    13.852    clock/hours/seg[5]_i_12_n_0
    SLICE_X47Y34         LUT6 (Prop_lut6_I1_O)        0.124    13.976 r  clock/hours/seg[5]_i_4/O
                         net (fo=7, routed)           1.524    15.500    clock/hours/seg[5]_i_4_n_0
    SLICE_X46Y33         LUT5 (Prop_lut5_I3_O)        0.124    15.624 r  clock/hours/seg[4]_i_7/O
                         net (fo=1, routed)           0.670    16.294    clock/mins/seg_reg[4]_1
    SLICE_X46Y33         LUT6 (Prop_lut6_I5_O)        0.124    16.418 r  clock/mins/seg[4]_i_1/O
                         net (fo=1, routed)           0.000    16.418    seg7/D[4]
    SLICE_X46Y33         FDRE                                         r  seg7/seg_reg[4]/D
  -------------------------------------------------------------------    -------------------

Slack:                    inf
  Source:                 clock/min_reg[0]/C
                            (rising edge-triggered cell FDRE clocked by sys_clk_pin  {rise@0.000ns fall@5.000ns period=10.000ns})
  Destination:            seg7/seg_reg[3]/D
  Path Group:             (none)
  Path Type:              Max at Slow Process Corner
  Data Path Delay:        11.249ns  (logic 4.152ns (36.909%)  route 7.097ns (63.091%))
  Logic Levels:           12  (CARRY4=5 LUT1=1 LUT4=2 LUT6=4)
  Clock Uncertainty:      0.025ns  ((TSJ^2 + TIJ^2)^1/2 + DJ) / 2 + PE
    Total System Jitter     (TSJ):    0.050ns
    Total Input Jitter      (TIJ):    0.000ns
    Discrete Jitter          (DJ):    0.000ns
    Phase Error              (PE):    0.000ns

    Location             Delay type                Incr(ns)  Path(ns)    Netlist Resource(s)
  -------------------------------------------------------------------    -------------------
                         (clock sys_clk_pin rise edge)
                                                      0.000     0.000 r  
    W5                                                0.000     0.000 r  clk (IN)
                         net (fo=0)                   0.000     0.000    clk
    W5                   IBUF (Prop_ibuf_I_O)         1.458     1.458 r  clk_IBUF_inst/O
                         net (fo=1, routed)           1.967     3.425    clk_IBUF
    BUFGCTRL_X0Y0        BUFG (Prop_bufg_I_O)         0.096     3.521 r  clk_IBUF_BUFG_inst/O
                         net (fo=139, routed)         1.558     5.079    clock/clk_IBUF_BUFG
    SLICE_X39Y34         FDRE                                         r  clock/min_reg[0]/C
  -------------------------------------------------------------------    -------------------
    SLICE_X39Y34         FDRE (Prop_fdre_C_Q)         0.456     5.535 f  clock/min_reg[0]/Q
                         net (fo=9, routed)           0.870     6.406    clock/mins/Q[0]
    SLICE_X42Y34         LUT1 (Prop_lut1_I0_O)        0.124     6.530 r  clock/mins/hund1_carry_i_4__0/O
                         net (fo=1, routed)           0.000     6.530    clock/mins/hund1_carry_i_4__0_n_0
    SLICE_X42Y34         CARRY4 (Prop_carry4_S[0]_CO[3])
                                                      0.513     7.043 r  clock/mins/hund1_carry/CO[3]
                         net (fo=1, routed)           0.000     7.043    clock/mins/hund1_carry_n_0
    SLICE_X42Y35         CARRY4 (Prop_carry4_CI_O[1])
                                                      0.323     7.366 f  clock/mins/hund1_carry__0/O[1]
                         net (fo=6, routed)           0.844     8.210    clock/mins/hund1_carry__0_n_6
    SLICE_X42Y36         LUT4 (Prop_lut4_I3_O)        0.332     8.542 r  clock/mins/tens1_carry_i_1__0/O
                         net (fo=4, routed)           0.551     9.093    clock/mins/tens1_carry_i_1__0_n_0
    SLICE_X43Y37         CARRY4 (Prop_carry4_CYINIT_O[2])
                                                      0.788     9.881 r  clock/mins/tens1_carry/O[2]
                         net (fo=2, routed)           0.965    10.846    clock/mins/tens1_carry_n_5
    SLICE_X43Y35         LUT4 (Prop_lut4_I3_O)        0.302    11.148 r  clock/mins/tens1__6_carry_i_3__0/O
                         net (fo=1, routed)           0.000    11.148    clock/mins/tens1__6_carry_i_3__0_n_0
    SLICE_X43Y35         CARRY4 (Prop_carry4_S[3]_CO[3])
                                                      0.401    11.549 r  clock/mins/tens1__6_carry/CO[3]
                         net (fo=1, routed)           0.000    11.549    clock/mins/tens1__6_carry_n_0
    SLICE_X43Y36         CARRY4 (Prop_carry4_CI_O[2])
                                                      0.239    11.788 r  clock/mins/tens1__6_carry__0/O[2]
                         net (fo=10, routed)          1.299    13.087    clock/mins/tens1__6_carry__0_n_5
    SLICE_X41Y34         LUT6 (Prop_lut6_I1_O)        0.302    13.389 f  clock/mins/seg[4]_i_10/O
                         net (fo=10, routed)          1.066    14.455    clock/mins/seg[4]_i_10_n_0
    SLICE_X44Y33         LUT6 (Prop_lut6_I5_O)        0.124    14.579 r  clock/mins/seg[3]_i_11/O
                         net (fo=3, routed)           0.889    15.468    clock/mins/seg[3]_i_11_n_0
    SLICE_X45Y33         LUT6 (Prop_lut6_I5_O)        0.124    15.592 f  clock/mins/seg[3]_i_5/O
                         net (fo=1, routed)           0.613    16.205    clock/mins/seg[3]_i_5_n_0
    SLICE_X46Y32         LUT6 (Prop_lut6_I5_O)        0.124    16.329 r  clock/mins/seg[3]_i_1/O
                         net (fo=1, routed)           0.000    16.329    seg7/D[3]
    SLICE_X46Y32         FDRE                                         r  seg7/seg_reg[3]/D
  -------------------------------------------------------------------    -------------------





Min Delay Paths
--------------------------------------------------------------------------------------
Slack:                    inf
  Source:                 clock/hour_reg[0]/C
                            (rising edge-triggered cell FDRE clocked by sys_clk_pin  {rise@0.000ns fall@5.000ns period=10.000ns})
  Destination:            seg7/seg_reg[5]/D
  Path Group:             (none)
  Path Type:              Min at Fast Process Corner
  Data Path Delay:        1.184ns  (logic 0.363ns (30.667%)  route 0.821ns (69.333%))
  Logic Levels:           3  (CARRY4=1 LUT1=1 LUT6=1)
  Clock Uncertainty:      0.025ns  ((TSJ^2 + TIJ^2)^1/2 + DJ) / 2 + PE
    Total System Jitter     (TSJ):    0.050ns
    Total Input Jitter      (TIJ):    0.000ns
    Discrete Jitter          (DJ):    0.000ns
    Phase Error              (PE):    0.000ns

    Location             Delay type                Incr(ns)  Path(ns)    Netlist Resource(s)
  -------------------------------------------------------------------    -------------------
                         (clock sys_clk_pin rise edge)
                                                      0.000     0.000 r  
    W5                                                0.000     0.000 r  clk (IN)
                         net (fo=0)                   0.000     0.000    clk
    W5                   IBUF (Prop_ibuf_I_O)         0.226     0.226 r  clk_IBUF_inst/O
                         net (fo=1, routed)           0.631     0.858    clk_IBUF
    BUFGCTRL_X0Y0        BUFG (Prop_bufg_I_O)         0.026     0.884 r  clk_IBUF_BUFG_inst/O
                         net (fo=139, routed)         0.560     1.443    clock/clk_IBUF_BUFG
    SLICE_X44Y36         FDRE                                         r  clock/hour_reg[0]/C
  -------------------------------------------------------------------    -------------------
    SLICE_X44Y36         FDRE (Prop_fdre_C_Q)         0.141     1.584 f  clock/hour_reg[0]/Q
                         net (fo=8, routed)           0.285     1.869    clock/hours/Q[0]
    SLICE_X44Y37         LUT1 (Prop_lut1_I0_O)        0.045     1.914 r  clock/hours/hund1_carry_i_4__1/O
                         net (fo=1, routed)           0.000     1.914    clock/hours/hund1_carry_i_4__1_n_0
    SLICE_X44Y37         CARRY4 (Prop_carry4_S[0]_O[0])
                                                      0.070     1.984 r  clock/hours/hund1_carry/O[0]
                         net (fo=7, routed)           0.536     2.520    clock/hours/p_0_in[0]
    SLICE_X48Y33         LUT6 (Prop_lut6_I2_O)        0.107     2.627 r  clock/hours/seg[5]_i_1/O
                         net (fo=1, routed)           0.000     2.627    seg7/D[5]
    SLICE_X48Y33         FDRE                                         r  seg7/seg_reg[5]/D
  -------------------------------------------------------------------    -------------------

Slack:                    inf
  Source:                 clock/hour_reg[0]/C
                            (rising edge-triggered cell FDRE clocked by sys_clk_pin  {rise@0.000ns fall@5.000ns period=10.000ns})
  Destination:            seg7/seg_reg[2]/D
  Path Group:             (none)
  Path Type:              Min at Fast Process Corner
  Data Path Delay:        1.213ns  (logic 0.408ns (33.624%)  route 0.805ns (66.376%))
  Logic Levels:           4  (CARRY4=1 LUT1=1 LUT6=2)
  Clock Uncertainty:      0.025ns  ((TSJ^2 + TIJ^2)^1/2 + DJ) / 2 + PE
    Total System Jitter     (TSJ):    0.050ns
    Total Input Jitter      (TIJ):    0.000ns
    Discrete Jitter          (DJ):    0.000ns
    Phase Error              (PE):    0.000ns

    Location             Delay type                Incr(ns)  Path(ns)    Netlist Resource(s)
  -------------------------------------------------------------------    -------------------
                         (clock sys_clk_pin rise edge)
                                                      0.000     0.000 r  
    W5                                                0.000     0.000 r  clk (IN)
                         net (fo=0)                   0.000     0.000    clk
    W5                   IBUF (Prop_ibuf_I_O)         0.226     0.226 r  clk_IBUF_inst/O
                         net (fo=1, routed)           0.631     0.858    clk_IBUF
    BUFGCTRL_X0Y0        BUFG (Prop_bufg_I_O)         0.026     0.884 r  clk_IBUF_BUFG_inst/O
                         net (fo=139, routed)         0.560     1.443    clock/clk_IBUF_BUFG
    SLICE_X44Y36         FDRE                                         r  clock/hour_reg[0]/C
  -------------------------------------------------------------------    -------------------
    SLICE_X44Y36         FDRE (Prop_fdre_C_Q)         0.141     1.584 f  clock/hour_reg[0]/Q
                         net (fo=8, routed)           0.285     1.869    clock/hours/Q[0]
    SLICE_X44Y37         LUT1 (Prop_lut1_I0_O)        0.045     1.914 r  clock/hours/hund1_carry_i_4__1/O
                         net (fo=1, routed)           0.000     1.914    clock/hours/hund1_carry_i_4__1_n_0
    SLICE_X44Y37         CARRY4 (Prop_carry4_S[0]_O[0])
                                                      0.070     1.984 r  clock/hours/hund1_carry/O[0]
                         net (fo=7, routed)           0.327     2.311    clock/hours/p_0_in[0]
    SLICE_X46Y34         LUT6 (Prop_lut6_I5_O)        0.107     2.418 r  clock/hours/seg[2]_i_5/O
                         net (fo=1, routed)           0.194     2.612    clock/mins/seg_reg[2]_0
    SLICE_X46Y33         LUT6 (Prop_lut6_I5_O)        0.045     2.657 r  clock/mins/seg[2]_i_1/O
                         net (fo=1, routed)           0.000     2.657    seg7/D[2]
    SLICE_X46Y33         FDRE                                         r  seg7/seg_reg[2]/D
  -------------------------------------------------------------------    -------------------

Slack:                    inf
  Source:                 clock/min_reg[0]/C
                            (rising edge-triggered cell FDRE clocked by sys_clk_pin  {rise@0.000ns fall@5.000ns period=10.000ns})
  Destination:            seg7/seg_reg[1]/D
  Path Group:             (none)
  Path Type:              Min at Fast Process Corner
  Data Path Delay:        1.216ns  (logic 0.406ns (33.394%)  route 0.810ns (66.606%))
  Logic Levels:           4  (CARRY4=1 LUT1=1 LUT6=2)
  Clock Uncertainty:      0.025ns  ((TSJ^2 + TIJ^2)^1/2 + DJ) / 2 + PE
    Total System Jitter     (TSJ):    0.050ns
    Total Input Jitter      (TIJ):    0.000ns
    Discrete Jitter          (DJ):    0.000ns
    Phase Error              (PE):    0.000ns

    Location             Delay type                Incr(ns)  Path(ns)    Netlist Resource(s)
  -------------------------------------------------------------------    -------------------
                         (clock sys_clk_pin rise edge)
                                                      0.000     0.000 r  
    W5                                                0.000     0.000 r  clk (IN)
                         net (fo=0)                   0.000     0.000    clk
    W5                   IBUF (Prop_ibuf_I_O)         0.226     0.226 r  clk_IBUF_inst/O
                         net (fo=1, routed)           0.631     0.858    clk_IBUF
    BUFGCTRL_X0Y0        BUFG (Prop_bufg_I_O)         0.026     0.884 r  clk_IBUF_BUFG_inst/O
                         net (fo=139, routed)         0.559     1.442    clock/clk_IBUF_BUFG
    SLICE_X39Y34         FDRE                                         r  clock/min_reg[0]/C
  -------------------------------------------------------------------    -------------------
    SLICE_X39Y34         FDRE (Prop_fdre_C_Q)         0.141     1.583 f  clock/min_reg[0]/Q
                         net (fo=9, routed)           0.335     1.919    clock/mins/Q[0]
    SLICE_X42Y34         LUT1 (Prop_lut1_I0_O)        0.045     1.964 r  clock/mins/hund1_carry_i_4__0/O
                         net (fo=1, routed)           0.000     1.964    clock/mins/hund1_carry_i_4__0_n_0
    SLICE_X42Y34         CARRY4 (Prop_carry4_S[0]_O[0])
                                                      0.070     2.034 r  clock/mins/hund1_carry/O[0]
                         net (fo=7, routed)           0.377     2.411    clock/mins/p_0_in[0]
    SLICE_X45Y32         LUT6 (Prop_lut6_I0_O)        0.105     2.516 f  clock/mins/seg[1]_i_2/O
                         net (fo=1, routed)           0.097     2.613    clock/mins/seg[1]_i_2_n_0
    SLICE_X47Y32         LUT6 (Prop_lut6_I0_O)        0.045     2.658 r  clock/mins/seg[1]_i_1/O
                         net (fo=1, routed)           0.000     2.658    seg7/D[1]
    SLICE_X47Y32         FDRE                                         r  seg7/seg_reg[1]/D
  -------------------------------------------------------------------    -------------------

Slack:                    inf
  Source:                 clock/min_reg[0]/C
                            (rising edge-triggered cell FDRE clocked by sys_clk_pin  {rise@0.000ns fall@5.000ns period=10.000ns})
  Destination:            seg7/seg_reg[4]/D
  Path Group:             (none)
  Path Type:              Min at Fast Process Corner
  Data Path Delay:        1.226ns  (logic 0.406ns (33.106%)  route 0.820ns (66.894%))
  Logic Levels:           4  (CARRY4=1 LUT1=1 LUT2=1 LUT6=1)
  Clock Uncertainty:      0.025ns  ((TSJ^2 + TIJ^2)^1/2 + DJ) / 2 + PE
    Total System Jitter     (TSJ):    0.050ns
    Total Input Jitter      (TIJ):    0.000ns
    Discrete Jitter          (DJ):    0.000ns
    Phase Error              (PE):    0.000ns

    Location             Delay type                Incr(ns)  Path(ns)    Netlist Resource(s)
  -------------------------------------------------------------------    -------------------
                         (clock sys_clk_pin rise edge)
                                                      0.000     0.000 r  
    W5                                                0.000     0.000 r  clk (IN)
                         net (fo=0)                   0.000     0.000    clk
    W5                   IBUF (Prop_ibuf_I_O)         0.226     0.226 r  clk_IBUF_inst/O
                         net (fo=1, routed)           0.631     0.858    clk_IBUF
    BUFGCTRL_X0Y0        BUFG (Prop_bufg_I_O)         0.026     0.884 r  clk_IBUF_BUFG_inst/O
                         net (fo=139, routed)         0.559     1.442    clock/clk_IBUF_BUFG
    SLICE_X39Y34         FDRE                                         r  clock/min_reg[0]/C
  -------------------------------------------------------------------    -------------------
    SLICE_X39Y34         FDRE (Prop_fdre_C_Q)         0.141     1.583 f  clock/min_reg[0]/Q
                         net (fo=9, routed)           0.335     1.919    clock/mins/Q[0]
    SLICE_X42Y34         LUT1 (Prop_lut1_I0_O)        0.045     1.964 r  clock/mins/hund1_carry_i_4__0/O
                         net (fo=1, routed)           0.000     1.964    clock/mins/hund1_carry_i_4__0_n_0
    SLICE_X42Y34         CARRY4 (Prop_carry4_S[0]_O[0])
                                                      0.070     2.034 f  clock/mins/hund1_carry/O[0]
                         net (fo=7, routed)           0.142     2.176    clock/mins/p_0_in[0]
    SLICE_X45Y34         LUT2 (Prop_lut2_I0_O)        0.105     2.281 r  clock/mins/seg[4]_i_3/O
                         net (fo=1, routed)           0.343     2.624    clock/mins/seg[4]_i_3_n_0
    SLICE_X46Y33         LUT6 (Prop_lut6_I1_O)        0.045     2.669 r  clock/mins/seg[4]_i_1/O
                         net (fo=1, routed)           0.000     2.669    seg7/D[4]
    SLICE_X46Y33         FDRE                                         r  seg7/seg_reg[4]/D
  -------------------------------------------------------------------    -------------------

Slack:                    inf
  Source:                 clock/hour_reg[0]/C
                            (rising edge-triggered cell FDRE clocked by sys_clk_pin  {rise@0.000ns fall@5.000ns period=10.000ns})
  Destination:            seg7/seg_reg[3]/D
  Path Group:             (none)
  Path Type:              Min at Fast Process Corner
  Data Path Delay:        1.230ns  (logic 0.408ns (33.158%)  route 0.822ns (66.842%))
  Logic Levels:           4  (CARRY4=1 LUT1=1 LUT6=2)
  Clock Uncertainty:      0.025ns  ((TSJ^2 + TIJ^2)^1/2 + DJ) / 2 + PE
    Total System Jitter     (TSJ):    0.050ns
    Total Input Jitter      (TIJ):    0.000ns
    Discrete Jitter          (DJ):    0.000ns
    Phase Error              (PE):    0.000ns

    Location             Delay type                Incr(ns)  Path(ns)    Netlist Resource(s)
  -------------------------------------------------------------------    -------------------
                         (clock sys_clk_pin rise edge)
                                                      0.000     0.000 r  
    W5                                                0.000     0.000 r  clk (IN)
                         net (fo=0)                   0.000     0.000    clk
    W5                   IBUF (Prop_ibuf_I_O)         0.226     0.226 r  clk_IBUF_inst/O
                         net (fo=1, routed)           0.631     0.858    clk_IBUF
    BUFGCTRL_X0Y0        BUFG (Prop_bufg_I_O)         0.026     0.884 r  clk_IBUF_BUFG_inst/O
                         net (fo=139, routed)         0.560     1.443    clock/clk_IBUF_BUFG
    SLICE_X44Y36         FDRE                                         r  clock/hour_reg[0]/C
  -------------------------------------------------------------------    -------------------
    SLICE_X44Y36         FDRE (Prop_fdre_C_Q)         0.141     1.584 f  clock/hour_reg[0]/Q
                         net (fo=8, routed)           0.285     1.869    clock/hours/Q[0]
    SLICE_X44Y37         LUT1 (Prop_lut1_I0_O)        0.045     1.914 r  clock/hours/hund1_carry_i_4__1/O
                         net (fo=1, routed)           0.000     1.914    clock/hours/hund1_carry_i_4__1_n_0
    SLICE_X44Y37         CARRY4 (Prop_carry4_S[0]_O[0])
                                                      0.070     1.984 r  clock/hours/hund1_carry/O[0]
                         net (fo=7, routed)           0.427     2.411    clock/hours/p_0_in[0]
    SLICE_X47Y33         LUT6 (Prop_lut6_I4_O)        0.107     2.518 r  clock/hours/seg[3]_i_3/O
                         net (fo=1, routed)           0.110     2.629    clock/mins/seg_reg[3]
    SLICE_X46Y32         LUT6 (Prop_lut6_I1_O)        0.045     2.674 r  clock/mins/seg[3]_i_1/O
                         net (fo=1, routed)           0.000     2.674    seg7/D[3]
    SLICE_X46Y32         FDRE                                         r  seg7/seg_reg[3]/D
  -------------------------------------------------------------------    -------------------

Slack:                    inf
  Source:                 clock/min_reg[0]/C
                            (rising edge-triggered cell FDRE clocked by sys_clk_pin  {rise@0.000ns fall@5.000ns period=10.000ns})
  Destination:            seg7/seg_reg[6]/D
  Path Group:             (none)
  Path Type:              Min at Fast Process Corner
  Data Path Delay:        1.307ns  (logic 0.406ns (31.075%)  route 0.901ns (68.925%))
  Logic Levels:           4  (CARRY4=1 LUT1=1 LUT5=1 LUT6=1)
  Clock Uncertainty:      0.025ns  ((TSJ^2 + TIJ^2)^1/2 + DJ) / 2 + PE
    Total System Jitter     (TSJ):    0.050ns
    Total Input Jitter      (TIJ):    0.000ns
    Discrete Jitter          (DJ):    0.000ns
    Phase Error              (PE):    0.000ns

    Location             Delay type                Incr(ns)  Path(ns)    Netlist Resource(s)
  -------------------------------------------------------------------    -------------------
                         (clock sys_clk_pin rise edge)
                                                      0.000     0.000 r  
    W5                                                0.000     0.000 r  clk (IN)
                         net (fo=0)                   0.000     0.000    clk
    W5                   IBUF (Prop_ibuf_I_O)         0.226     0.226 r  clk_IBUF_inst/O
                         net (fo=1, routed)           0.631     0.858    clk_IBUF
    BUFGCTRL_X0Y0        BUFG (Prop_bufg_I_O)         0.026     0.884 r  clk_IBUF_BUFG_inst/O
                         net (fo=139, routed)         0.559     1.442    clock/clk_IBUF_BUFG
    SLICE_X39Y34         FDRE                                         r  clock/min_reg[0]/C
  -------------------------------------------------------------------    -------------------
    SLICE_X39Y34         FDRE (Prop_fdre_C_Q)         0.141     1.583 f  clock/min_reg[0]/Q
                         net (fo=9, routed)           0.335     1.919    clock/mins/Q[0]
    SLICE_X42Y34         LUT1 (Prop_lut1_I0_O)        0.045     1.964 r  clock/mins/hund1_carry_i_4__0/O
                         net (fo=1, routed)           0.000     1.964    clock/mins/hund1_carry_i_4__0_n_0
    SLICE_X42Y34         CARRY4 (Prop_carry4_S[0]_O[0])
                                                      0.070     2.034 r  clock/mins/hund1_carry/O[0]
                         net (fo=7, routed)           0.384     2.418    clock/mins/p_0_in[0]
    SLICE_X45Y32         LUT6 (Prop_lut6_I0_O)        0.105     2.523 f  clock/mins/seg[6]_i_2/O
                         net (fo=1, routed)           0.181     2.704    clock/hours/seg_reg[6]
    SLICE_X47Y33         LUT5 (Prop_lut5_I0_O)        0.045     2.749 r  clock/hours/seg[6]_i_1/O
                         net (fo=1, routed)           0.000     2.749    seg7/D[6]
    SLICE_X47Y33         FDRE                                         r  seg7/seg_reg[6]/D
  -------------------------------------------------------------------    -------------------

Slack:                    inf
  Source:                 clock/min_reg[0]/C
                            (rising edge-triggered cell FDRE clocked by sys_clk_pin  {rise@0.000ns fall@5.000ns period=10.000ns})
  Destination:            seg7/seg_reg[0]/D
  Path Group:             (none)
  Path Type:              Min at Fast Process Corner
  Data Path Delay:        1.395ns  (logic 0.406ns (29.102%)  route 0.989ns (70.898%))
  Logic Levels:           4  (CARRY4=1 LUT1=1 LUT6=2)
  Clock Uncertainty:      0.025ns  ((TSJ^2 + TIJ^2)^1/2 + DJ) / 2 + PE
    Total System Jitter     (TSJ):    0.050ns
    Total Input Jitter      (TIJ):    0.000ns
    Discrete Jitter          (DJ):    0.000ns
    Phase Error              (PE):    0.000ns

    Location             Delay type                Incr(ns)  Path(ns)    Netlist Resource(s)
  -------------------------------------------------------------------    -------------------
                         (clock sys_clk_pin rise edge)
                                                      0.000     0.000 r  
    W5                                                0.000     0.000 r  clk (IN)
                         net (fo=0)                   0.000     0.000    clk
    W5                   IBUF (Prop_ibuf_I_O)         0.226     0.226 r  clk_IBUF_inst/O
                         net (fo=1, routed)           0.631     0.858    clk_IBUF
    BUFGCTRL_X0Y0        BUFG (Prop_bufg_I_O)         0.026     0.884 r  clk_IBUF_BUFG_inst/O
                         net (fo=139, routed)         0.559     1.442    clock/clk_IBUF_BUFG
    SLICE_X39Y34         FDRE                                         r  clock/min_reg[0]/C
  -------------------------------------------------------------------    -------------------
    SLICE_X39Y34         FDRE (Prop_fdre_C_Q)         0.141     1.583 f  clock/min_reg[0]/Q
                         net (fo=9, routed)           0.335     1.919    clock/mins/Q[0]
    SLICE_X42Y34         LUT1 (Prop_lut1_I0_O)        0.045     1.964 r  clock/mins/hund1_carry_i_4__0/O
                         net (fo=1, routed)           0.000     1.964    clock/mins/hund1_carry_i_4__0_n_0
    SLICE_X42Y34         CARRY4 (Prop_carry4_S[0]_O[0])
                                                      0.070     2.034 r  clock/mins/hund1_carry/O[0]
                         net (fo=7, routed)           0.386     2.420    clock/mins/p_0_in[0]
    SLICE_X45Y32         LUT6 (Prop_lut6_I0_O)        0.105     2.525 f  clock/mins/seg[0]_i_2/O
                         net (fo=1, routed)           0.268     2.792    clock/mins/seg[0]_i_2_n_0
    SLICE_X46Y33         LUT6 (Prop_lut6_I0_O)        0.045     2.837 r  clock/mins/seg[0]_i_1/O
                         net (fo=1, routed)           0.000     2.837    seg7/D[0]
    SLICE_X46Y33         FDRE                                         r  seg7/seg_reg[0]/D
  -------------------------------------------------------------------    -------------------

Slack:                    inf
  Source:                 clock/sec_reg[0]/C
                            (rising edge-triggered cell FDRE clocked by sys_clk_pin  {rise@0.000ns fall@5.000ns period=10.000ns})
  Destination:            led[0]
                            (output port)
  Path Group:             (none)
  Path Type:              Min at Fast Process Corner
  Data Path Delay:        3.101ns  (logic 1.547ns (49.890%)  route 1.554ns (50.110%))
  Logic Levels:           3  (CARRY4=1 LUT1=1 OBUF=1)
  Clock Uncertainty:      0.025ns  ((TSJ^2 + TIJ^2)^1/2 + DJ) / 2 + PE
    Total System Jitter     (TSJ):    0.050ns
    Total Input Jitter      (TIJ):    0.000ns
    Discrete Jitter          (DJ):    0.000ns
    Phase Error              (PE):    0.000ns

    Location             Delay type                Incr(ns)  Path(ns)    Netlist Resource(s)
  -------------------------------------------------------------------    -------------------
                         (clock sys_clk_pin rise edge)
                                                      0.000     0.000 r  
    W5                                                0.000     0.000 r  clk (IN)
                         net (fo=0)                   0.000     0.000    clk
    W5                   IBUF (Prop_ibuf_I_O)         0.226     0.226 r  clk_IBUF_inst/O
                         net (fo=1, routed)           0.631     0.858    clk_IBUF
    BUFGCTRL_X0Y0        BUFG (Prop_bufg_I_O)         0.026     0.884 r  clk_IBUF_BUFG_inst/O
                         net (fo=139, routed)         0.559     1.442    clock/clk_IBUF_BUFG
    SLICE_X38Y35         FDRE                                         r  clock/sec_reg[0]/C
  -------------------------------------------------------------------    -------------------
    SLICE_X38Y35         FDRE (Prop_fdre_C_Q)         0.164     1.606 f  clock/sec_reg[0]/Q
                         net (fo=9, routed)           0.286     1.893    clock/secs/Q[0]
    SLICE_X40Y35         LUT1 (Prop_lut1_I0_O)        0.045     1.938 r  clock/secs/hund1_carry_i_4/O
                         net (fo=1, routed)           0.000     1.938    clock/secs/hund1_carry_i_4_n_0
    SLICE_X40Y35         CARRY4 (Prop_carry4_S[0]_O[0])
                                                      0.070     2.008 r  clock/secs/hund1_carry/O[0]
                         net (fo=1, routed)           1.267     3.275    led_OBUF[0]
    U16                  OBUF (Prop_obuf_I_O)         1.268     4.543 r  led_OBUF[0]_inst/O
                         net (fo=0)                   0.000     4.543    led[0]
    U16                                                               r  led[0] (OUT)
  -------------------------------------------------------------------    -------------------

Slack:                    inf
  Source:                 clock/sec_reg[0]/C
                            (rising edge-triggered cell FDRE clocked by sys_clk_pin  {rise@0.000ns fall@5.000ns period=10.000ns})
  Destination:            led[4]
                            (output port)
  Path Group:             (none)
  Path Type:              Min at Fast Process Corner
  Data Path Delay:        3.327ns  (logic 1.782ns (53.559%)  route 1.545ns (46.441%))
  Logic Levels:           5  (CARRY4=2 LUT1=1 LUT6=1 OBUF=1)
  Clock Uncertainty:      0.025ns  ((TSJ^2 + TIJ^2)^1/2 + DJ) / 2 + PE
    Total System Jitter     (TSJ):    0.050ns
    Total Input Jitter      (TIJ):    0.000ns
    Discrete Jitter          (DJ):    0.000ns
    Phase Error              (PE):    0.000ns

    Location             Delay type                Incr(ns)  Path(ns)    Netlist Resource(s)
  -------------------------------------------------------------------    -------------------
                         (clock sys_clk_pin rise edge)
                                                      0.000     0.000 r  
    W5                                                0.000     0.000 r  clk (IN)
                         net (fo=0)                   0.000     0.000    clk
    W5                   IBUF (Prop_ibuf_I_O)         0.226     0.226 r  clk_IBUF_inst/O
                         net (fo=1, routed)           0.631     0.858    clk_IBUF
    BUFGCTRL_X0Y0        BUFG (Prop_bufg_I_O)         0.026     0.884 r  clk_IBUF_BUFG_inst/O
                         net (fo=139, routed)         0.559     1.442    clock/clk_IBUF_BUFG
    SLICE_X38Y35         FDRE                                         r  clock/sec_reg[0]/C
  -------------------------------------------------------------------    -------------------
    SLICE_X38Y35         FDRE (Prop_fdre_C_Q)         0.164     1.606 r  clock/sec_reg[0]/Q
                         net (fo=9, routed)           0.263     1.869    clock/secs/Q[0]
    SLICE_X40Y35         CARRY4 (Prop_carry4_DI[0]_O[1])
                                                      0.124     1.993 f  clock/secs/hund1_carry/O[1]
                         net (fo=1, routed)           0.227     2.220    clock/secs/p_0_in[1]
    SLICE_X39Y36         LUT1 (Prop_lut1_I0_O)        0.107     2.327 r  clock/secs/tens1__6_carry_i_6/O
                         net (fo=1, routed)           0.000     2.327    clock/secs/tens1__6_carry_i_6_n_0
    SLICE_X39Y36         CARRY4 (Prop_carry4_S[0]_O[0])
                                                      0.070     2.397 r  clock/secs/tens1__6_carry/O[0]
                         net (fo=4, routed)           0.125     2.522    clock/secs/tens1__6_carry_n_7
    SLICE_X36Y36         LUT6 (Prop_lut6_I5_O)        0.107     2.629 r  clock/secs/led_OBUF[4]_inst_i_2/O
                         net (fo=4, routed)           0.930     3.559    led_OBUF[4]
    W18                  OBUF (Prop_obuf_I_O)         1.210     4.769 r  led_OBUF[4]_inst/O
                         net (fo=0)                   0.000     4.769    led[4]
    W18                                                               r  led[4] (OUT)
  -------------------------------------------------------------------    -------------------

Slack:                    inf
  Source:                 clock/sec_reg[0]/C
                            (rising edge-triggered cell FDRE clocked by sys_clk_pin  {rise@0.000ns fall@5.000ns period=10.000ns})
  Destination:            led[1]
                            (output port)
  Path Group:             (none)
  Path Type:              Min at Fast Process Corner
  Data Path Delay:        3.467ns  (logic 1.866ns (53.817%)  route 1.601ns (46.183%))
  Logic Levels:           5  (CARRY4=2 LUT1=1 LUT2=1 OBUF=1)
  Clock Uncertainty:      0.025ns  ((TSJ^2 + TIJ^2)^1/2 + DJ) / 2 + PE
    Total System Jitter     (TSJ):    0.050ns
    Total Input Jitter      (TIJ):    0.000ns
    Discrete Jitter          (DJ):    0.000ns
    Phase Error              (PE):    0.000ns

    Location             Delay type                Incr(ns)  Path(ns)    Netlist Resource(s)
  -------------------------------------------------------------------    -------------------
                         (clock sys_clk_pin rise edge)
                                                      0.000     0.000 r  
    W5                                                0.000     0.000 r  clk (IN)
                         net (fo=0)                   0.000     0.000    clk
    W5                   IBUF (Prop_ibuf_I_O)         0.226     0.226 r  clk_IBUF_inst/O
                         net (fo=1, routed)           0.631     0.858    clk_IBUF
    BUFGCTRL_X0Y0        BUFG (Prop_bufg_I_O)         0.026     0.884 r  clk_IBUF_BUFG_inst/O
                         net (fo=139, routed)         0.559     1.442    clock/clk_IBUF_BUFG
    SLICE_X38Y35         FDRE                                         r  clock/sec_reg[0]/C
  -------------------------------------------------------------------    -------------------
    SLICE_X38Y35         FDRE (Prop_fdre_C_Q)         0.164     1.606 r  clock/sec_reg[0]/Q
                         net (fo=9, routed)           0.263     1.869    clock/secs/Q[0]
    SLICE_X40Y35         CARRY4 (Prop_carry4_DI[0]_O[1])
                                                      0.124     1.993 f  clock/secs/hund1_carry/O[1]
                         net (fo=1, routed)           0.227     2.220    clock/secs/p_0_in[1]
    SLICE_X39Y36         LUT1 (Prop_lut1_I0_O)        0.107     2.327 r  clock/secs/tens1__6_carry_i_6/O
                         net (fo=1, routed)           0.000     2.327    clock/secs/tens1__6_carry_i_6_n_0
    SLICE_X39Y36         CARRY4 (Prop_carry4_S[0]_O[0])
                                                      0.070     2.397 r  clock/secs/tens1__6_carry/O[0]
                         net (fo=4, routed)           0.212     2.609    clock/secs/tens1__6_carry_n_7
    SLICE_X36Y36         LUT2 (Prop_lut2_I0_O)        0.108     2.717 r  clock/secs/led_OBUF[1]_inst_i_1/O
                         net (fo=1, routed)           0.900     3.616    led_OBUF[1]
    E19                  OBUF (Prop_obuf_I_O)         1.293     4.909 r  led_OBUF[1]_inst/O
                         net (fo=0)                   0.000     4.909    led[1]
    E19                                                               r  led[1] (OUT)
  -------------------------------------------------------------------    -------------------





--------------------------------------------------------------------------------------
Path Group:  (none)
From Clock:  
  To Clock:  sys_clk_pin

Max Delay            53 Endpoints
Min Delay            53 Endpoints
--------------------------------------------------------------------------------------


Max Delay Paths
--------------------------------------------------------------------------------------
Slack:                    inf
  Source:                 sw
                            (input port)
  Destination:            clock/clkc_reg[0]/CE
                            (rising edge-triggered cell FDRE clocked by sys_clk_pin  {rise@0.000ns fall@5.000ns period=10.000ns})
  Path Group:             (none)
  Path Type:              Setup (Max at Slow Process Corner)
  Data Path Delay:        5.271ns  (logic 1.574ns (29.864%)  route 3.697ns (70.136%))
  Logic Levels:           2  (IBUF=1 LUT4=1)
  Clock Path Skew:        4.773ns (DCD - SCD + CPR)
    Destination Clock Delay (DCD):    4.773ns
    Source Clock Delay      (SCD):    0.000ns
    Clock Pessimism Removal (CPR):    0.000ns
  Clock Uncertainty:      0.025ns  ((TSJ^2 + TIJ^2)^1/2 + DJ) / 2 + PE
    Total System Jitter     (TSJ):    0.050ns
    Total Input Jitter      (TIJ):    0.000ns
    Discrete Jitter          (DJ):    0.000ns
    Phase Error              (PE):    0.000ns

    Location             Delay type                Incr(ns)  Path(ns)    Netlist Resource(s)
  -------------------------------------------------------------------    -------------------
    R2                                                0.000     0.000 r  sw (IN)
                         net (fo=0)                   0.000     0.000    sw
    R2                   IBUF (Prop_ibuf_I_O)         1.456     1.456 r  sw_IBUF_inst/O
                         net (fo=4, routed)           2.134     3.590    dbC/sw_IBUF
    SLICE_X41Y35         LUT4 (Prop_lut4_I2_O)        0.118     3.708 r  dbC/clkc[0]_i_1/O
                         net (fo=32, routed)          1.563     5.271    clock/clkc
    SLICE_X43Y26         FDRE                                         r  clock/clkc_reg[0]/CE
  -------------------------------------------------------------------    -------------------

                         (clock sys_clk_pin rise edge)
                                                      0.000     0.000 r  
    W5                                                0.000     0.000 r  clk (IN)
                         net (fo=0)                   0.000     0.000    clk
    W5                   IBUF (Prop_ibuf_I_O)         1.388     1.388 r  clk_IBUF_inst/O
                         net (fo=1, routed)           1.862     3.250    clk_IBUF
    BUFGCTRL_X0Y0        BUFG (Prop_bufg_I_O)         0.091     3.341 r  clk_IBUF_BUFG_inst/O
                         net (fo=139, routed)         1.432     4.773    clock/clk_IBUF_BUFG
    SLICE_X43Y26         FDRE                                         r  clock/clkc_reg[0]/C

Slack:                    inf
  Source:                 sw
                            (input port)
  Destination:            clock/clkc_reg[1]/CE
                            (rising edge-triggered cell FDRE clocked by sys_clk_pin  {rise@0.000ns fall@5.000ns period=10.000ns})
  Path Group:             (none)
  Path Type:              Setup (Max at Slow Process Corner)
  Data Path Delay:        5.271ns  (logic 1.574ns (29.864%)  route 3.697ns (70.136%))
  Logic Levels:           2  (IBUF=1 LUT4=1)
  Clock Path Skew:        4.773ns (DCD - SCD + CPR)
    Destination Clock Delay (DCD):    4.773ns
    Source Clock Delay      (SCD):    0.000ns
    Clock Pessimism Removal (CPR):    0.000ns
  Clock Uncertainty:      0.025ns  ((TSJ^2 + TIJ^2)^1/2 + DJ) / 2 + PE
    Total System Jitter     (TSJ):    0.050ns
    Total Input Jitter      (TIJ):    0.000ns
    Discrete Jitter          (DJ):    0.000ns
    Phase Error              (PE):    0.000ns

    Location             Delay type                Incr(ns)  Path(ns)    Netlist Resource(s)
  -------------------------------------------------------------------    -------------------
    R2                                                0.000     0.000 r  sw (IN)
                         net (fo=0)                   0.000     0.000    sw
    R2                   IBUF (Prop_ibuf_I_O)         1.456     1.456 r  sw_IBUF_inst/O
                         net (fo=4, routed)           2.134     3.590    dbC/sw_IBUF
    SLICE_X41Y35         LUT4 (Prop_lut4_I2_O)        0.118     3.708 r  dbC/clkc[0]_i_1/O
                         net (fo=32, routed)          1.563     5.271    clock/clkc
    SLICE_X43Y26         FDRE                                         r  clock/clkc_reg[1]/CE
  -------------------------------------------------------------------    -------------------

                         (clock sys_clk_pin rise edge)
                                                      0.000     0.000 r  
    W5                                                0.000     0.000 r  clk (IN)
                         net (fo=0)                   0.000     0.000    clk
    W5                   IBUF (Prop_ibuf_I_O)         1.388     1.388 r  clk_IBUF_inst/O
                         net (fo=1, routed)           1.862     3.250    clk_IBUF
    BUFGCTRL_X0Y0        BUFG (Prop_bufg_I_O)         0.091     3.341 r  clk_IBUF_BUFG_inst/O
                         net (fo=139, routed)         1.432     4.773    clock/clk_IBUF_BUFG
    SLICE_X43Y26         FDRE                                         r  clock/clkc_reg[1]/C

Slack:                    inf
  Source:                 sw
                            (input port)
  Destination:            clock/clkc_reg[2]/CE
                            (rising edge-triggered cell FDRE clocked by sys_clk_pin  {rise@0.000ns fall@5.000ns period=10.000ns})
  Path Group:             (none)
  Path Type:              Setup (Max at Slow Process Corner)
  Data Path Delay:        5.271ns  (logic 1.574ns (29.864%)  route 3.697ns (70.136%))
  Logic Levels:           2  (IBUF=1 LUT4=1)
  Clock Path Skew:        4.773ns (DCD - SCD + CPR)
    Destination Clock Delay (DCD):    4.773ns
    Source Clock Delay      (SCD):    0.000ns
    Clock Pessimism Removal (CPR):    0.000ns
  Clock Uncertainty:      0.025ns  ((TSJ^2 + TIJ^2)^1/2 + DJ) / 2 + PE
    Total System Jitter     (TSJ):    0.050ns
    Total Input Jitter      (TIJ):    0.000ns
    Discrete Jitter          (DJ):    0.000ns
    Phase Error              (PE):    0.000ns

    Location             Delay type                Incr(ns)  Path(ns)    Netlist Resource(s)
  -------------------------------------------------------------------    -------------------
    R2                                                0.000     0.000 r  sw (IN)
                         net (fo=0)                   0.000     0.000    sw
    R2                   IBUF (Prop_ibuf_I_O)         1.456     1.456 r  sw_IBUF_inst/O
                         net (fo=4, routed)           2.134     3.590    dbC/sw_IBUF
    SLICE_X41Y35         LUT4 (Prop_lut4_I2_O)        0.118     3.708 r  dbC/clkc[0]_i_1/O
                         net (fo=32, routed)          1.563     5.271    clock/clkc
    SLICE_X43Y26         FDRE                                         r  clock/clkc_reg[2]/CE
  -------------------------------------------------------------------    -------------------

                         (clock sys_clk_pin rise edge)
                                                      0.000     0.000 r  
    W5                                                0.000     0.000 r  clk (IN)
                         net (fo=0)                   0.000     0.000    clk
    W5                   IBUF (Prop_ibuf_I_O)         1.388     1.388 r  clk_IBUF_inst/O
                         net (fo=1, routed)           1.862     3.250    clk_IBUF
    BUFGCTRL_X0Y0        BUFG (Prop_bufg_I_O)         0.091     3.341 r  clk_IBUF_BUFG_inst/O
                         net (fo=139, routed)         1.432     4.773    clock/clk_IBUF_BUFG
    SLICE_X43Y26         FDRE                                         r  clock/clkc_reg[2]/C

Slack:                    inf
  Source:                 sw
                            (input port)
  Destination:            clock/clkc_reg[3]/CE
                            (rising edge-triggered cell FDRE clocked by sys_clk_pin  {rise@0.000ns fall@5.000ns period=10.000ns})
  Path Group:             (none)
  Path Type:              Setup (Max at Slow Process Corner)
  Data Path Delay:        5.271ns  (logic 1.574ns (29.864%)  route 3.697ns (70.136%))
  Logic Levels:           2  (IBUF=1 LUT4=1)
  Clock Path Skew:        4.773ns (DCD - SCD + CPR)
    Destination Clock Delay (DCD):    4.773ns
    Source Clock Delay      (SCD):    0.000ns
    Clock Pessimism Removal (CPR):    0.000ns
  Clock Uncertainty:      0.025ns  ((TSJ^2 + TIJ^2)^1/2 + DJ) / 2 + PE
    Total System Jitter     (TSJ):    0.050ns
    Total Input Jitter      (TIJ):    0.000ns
    Discrete Jitter          (DJ):    0.000ns
    Phase Error              (PE):    0.000ns

    Location             Delay type                Incr(ns)  Path(ns)    Netlist Resource(s)
  -------------------------------------------------------------------    -------------------
    R2                                                0.000     0.000 r  sw (IN)
                         net (fo=0)                   0.000     0.000    sw
    R2                   IBUF (Prop_ibuf_I_O)         1.456     1.456 r  sw_IBUF_inst/O
                         net (fo=4, routed)           2.134     3.590    dbC/sw_IBUF
    SLICE_X41Y35         LUT4 (Prop_lut4_I2_O)        0.118     3.708 r  dbC/clkc[0]_i_1/O
                         net (fo=32, routed)          1.563     5.271    clock/clkc
    SLICE_X43Y26         FDRE                                         r  clock/clkc_reg[3]/CE
  -------------------------------------------------------------------    -------------------

                         (clock sys_clk_pin rise edge)
                                                      0.000     0.000 r  
    W5                                                0.000     0.000 r  clk (IN)
                         net (fo=0)                   0.000     0.000    clk
    W5                   IBUF (Prop_ibuf_I_O)         1.388     1.388 r  clk_IBUF_inst/O
                         net (fo=1, routed)           1.862     3.250    clk_IBUF
    BUFGCTRL_X0Y0        BUFG (Prop_bufg_I_O)         0.091     3.341 r  clk_IBUF_BUFG_inst/O
                         net (fo=139, routed)         1.432     4.773    clock/clk_IBUF_BUFG
    SLICE_X43Y26         FDRE                                         r  clock/clkc_reg[3]/C

Slack:                    inf
  Source:                 sw
                            (input port)
  Destination:            clock/clkc_reg[4]/CE
                            (rising edge-triggered cell FDRE clocked by sys_clk_pin  {rise@0.000ns fall@5.000ns period=10.000ns})
  Path Group:             (none)
  Path Type:              Setup (Max at Slow Process Corner)
  Data Path Delay:        5.131ns  (logic 1.574ns (30.678%)  route 3.557ns (69.322%))
  Logic Levels:           2  (IBUF=1 LUT4=1)
  Clock Path Skew:        4.774ns (DCD - SCD + CPR)
    Destination Clock Delay (DCD):    4.774ns
    Source Clock Delay      (SCD):    0.000ns
    Clock Pessimism Removal (CPR):    0.000ns
  Clock Uncertainty:      0.025ns  ((TSJ^2 + TIJ^2)^1/2 + DJ) / 2 + PE
    Total System Jitter     (TSJ):    0.050ns
    Total Input Jitter      (TIJ):    0.000ns
    Discrete Jitter          (DJ):    0.000ns
    Phase Error              (PE):    0.000ns

    Location             Delay type                Incr(ns)  Path(ns)    Netlist Resource(s)
  -------------------------------------------------------------------    -------------------
    R2                                                0.000     0.000 r  sw (IN)
                         net (fo=0)                   0.000     0.000    sw
    R2                   IBUF (Prop_ibuf_I_O)         1.456     1.456 r  sw_IBUF_inst/O
                         net (fo=4, routed)           2.134     3.590    dbC/sw_IBUF
    SLICE_X41Y35         LUT4 (Prop_lut4_I2_O)        0.118     3.708 r  dbC/clkc[0]_i_1/O
                         net (fo=32, routed)          1.423     5.131    clock/clkc
    SLICE_X43Y27         FDRE                                         r  clock/clkc_reg[4]/CE
  -------------------------------------------------------------------    -------------------

                         (clock sys_clk_pin rise edge)
                                                      0.000     0.000 r  
    W5                                                0.000     0.000 r  clk (IN)
                         net (fo=0)                   0.000     0.000    clk
    W5                   IBUF (Prop_ibuf_I_O)         1.388     1.388 r  clk_IBUF_inst/O
                         net (fo=1, routed)           1.862     3.250    clk_IBUF
    BUFGCTRL_X0Y0        BUFG (Prop_bufg_I_O)         0.091     3.341 r  clk_IBUF_BUFG_inst/O
                         net (fo=139, routed)         1.433     4.774    clock/clk_IBUF_BUFG
    SLICE_X43Y27         FDRE                                         r  clock/clkc_reg[4]/C

Slack:                    inf
  Source:                 sw
                            (input port)
  Destination:            clock/clkc_reg[5]/CE
                            (rising edge-triggered cell FDRE clocked by sys_clk_pin  {rise@0.000ns fall@5.000ns period=10.000ns})
  Path Group:             (none)
  Path Type:              Setup (Max at Slow Process Corner)
  Data Path Delay:        5.131ns  (logic 1.574ns (30.678%)  route 3.557ns (69.322%))
  Logic Levels:           2  (IBUF=1 LUT4=1)
  Clock Path Skew:        4.774ns (DCD - SCD + CPR)
    Destination Clock Delay (DCD):    4.774ns
    Source Clock Delay      (SCD):    0.000ns
    Clock Pessimism Removal (CPR):    0.000ns
  Clock Uncertainty:      0.025ns  ((TSJ^2 + TIJ^2)^1/2 + DJ) / 2 + PE
    Total System Jitter     (TSJ):    0.050ns
    Total Input Jitter      (TIJ):    0.000ns
    Discrete Jitter          (DJ):    0.000ns
    Phase Error              (PE):    0.000ns

    Location             Delay type                Incr(ns)  Path(ns)    Netlist Resource(s)
  -------------------------------------------------------------------    -------------------
    R2                                                0.000     0.000 r  sw (IN)
                         net (fo=0)                   0.000     0.000    sw
    R2                   IBUF (Prop_ibuf_I_O)         1.456     1.456 r  sw_IBUF_inst/O
                         net (fo=4, routed)           2.134     3.590    dbC/sw_IBUF
    SLICE_X41Y35         LUT4 (Prop_lut4_I2_O)        0.118     3.708 r  dbC/clkc[0]_i_1/O
                         net (fo=32, routed)          1.423     5.131    clock/clkc
    SLICE_X43Y27         FDRE                                         r  clock/clkc_reg[5]/CE
  -------------------------------------------------------------------    -------------------

                         (clock sys_clk_pin rise edge)
                                                      0.000     0.000 r  
    W5                                                0.000     0.000 r  clk (IN)
                         net (fo=0)                   0.000     0.000    clk
    W5                   IBUF (Prop_ibuf_I_O)         1.388     1.388 r  clk_IBUF_inst/O
                         net (fo=1, routed)           1.862     3.250    clk_IBUF
    BUFGCTRL_X0Y0        BUFG (Prop_bufg_I_O)         0.091     3.341 r  clk_IBUF_BUFG_inst/O
                         net (fo=139, routed)         1.433     4.774    clock/clk_IBUF_BUFG
    SLICE_X43Y27         FDRE                                         r  clock/clkc_reg[5]/C

Slack:                    inf
  Source:                 sw
                            (input port)
  Destination:            clock/clkc_reg[6]/CE
                            (rising edge-triggered cell FDRE clocked by sys_clk_pin  {rise@0.000ns fall@5.000ns period=10.000ns})
  Path Group:             (none)
  Path Type:              Setup (Max at Slow Process Corner)
  Data Path Delay:        5.131ns  (logic 1.574ns (30.678%)  route 3.557ns (69.322%))
  Logic Levels:           2  (IBUF=1 LUT4=1)
  Clock Path Skew:        4.774ns (DCD - SCD + CPR)
    Destination Clock Delay (DCD):    4.774ns
    Source Clock Delay      (SCD):    0.000ns
    Clock Pessimism Removal (CPR):    0.000ns
  Clock Uncertainty:      0.025ns  ((TSJ^2 + TIJ^2)^1/2 + DJ) / 2 + PE
    Total System Jitter     (TSJ):    0.050ns
    Total Input Jitter      (TIJ):    0.000ns
    Discrete Jitter          (DJ):    0.000ns
    Phase Error              (PE):    0.000ns

    Location             Delay type                Incr(ns)  Path(ns)    Netlist Resource(s)
  -------------------------------------------------------------------    -------------------
    R2                                                0.000     0.000 r  sw (IN)
                         net (fo=0)                   0.000     0.000    sw
    R2                   IBUF (Prop_ibuf_I_O)         1.456     1.456 r  sw_IBUF_inst/O
                         net (fo=4, routed)           2.134     3.590    dbC/sw_IBUF
    SLICE_X41Y35         LUT4 (Prop_lut4_I2_O)        0.118     3.708 r  dbC/clkc[0]_i_1/O
                         net (fo=32, routed)          1.423     5.131    clock/clkc
    SLICE_X43Y27         FDRE                                         r  clock/clkc_reg[6]/CE
  -------------------------------------------------------------------    -------------------

                         (clock sys_clk_pin rise edge)
                                                      0.000     0.000 r  
    W5                                                0.000     0.000 r  clk (IN)
                         net (fo=0)                   0.000     0.000    clk
    W5                   IBUF (Prop_ibuf_I_O)         1.388     1.388 r  clk_IBUF_inst/O
                         net (fo=1, routed)           1.862     3.250    clk_IBUF
    BUFGCTRL_X0Y0        BUFG (Prop_bufg_I_O)         0.091     3.341 r  clk_IBUF_BUFG_inst/O
                         net (fo=139, routed)         1.433     4.774    clock/clk_IBUF_BUFG
    SLICE_X43Y27         FDRE                                         r  clock/clkc_reg[6]/C

Slack:                    inf
  Source:                 sw
                            (input port)
  Destination:            clock/clkc_reg[7]/CE
                            (rising edge-triggered cell FDRE clocked by sys_clk_pin  {rise@0.000ns fall@5.000ns period=10.000ns})
  Path Group:             (none)
  Path Type:              Setup (Max at Slow Process Corner)
  Data Path Delay:        5.131ns  (logic 1.574ns (30.678%)  route 3.557ns (69.322%))
  Logic Levels:           2  (IBUF=1 LUT4=1)
  Clock Path Skew:        4.774ns (DCD - SCD + CPR)
    Destination Clock Delay (DCD):    4.774ns
    Source Clock Delay      (SCD):    0.000ns
    Clock Pessimism Removal (CPR):    0.000ns
  Clock Uncertainty:      0.025ns  ((TSJ^2 + TIJ^2)^1/2 + DJ) / 2 + PE
    Total System Jitter     (TSJ):    0.050ns
    Total Input Jitter      (TIJ):    0.000ns
    Discrete Jitter          (DJ):    0.000ns
    Phase Error              (PE):    0.000ns

    Location             Delay type                Incr(ns)  Path(ns)    Netlist Resource(s)
  -------------------------------------------------------------------    -------------------
    R2                                                0.000     0.000 r  sw (IN)
                         net (fo=0)                   0.000     0.000    sw
    R2                   IBUF (Prop_ibuf_I_O)         1.456     1.456 r  sw_IBUF_inst/O
                         net (fo=4, routed)           2.134     3.590    dbC/sw_IBUF
    SLICE_X41Y35         LUT4 (Prop_lut4_I2_O)        0.118     3.708 r  dbC/clkc[0]_i_1/O
                         net (fo=32, routed)          1.423     5.131    clock/clkc
    SLICE_X43Y27         FDRE                                         r  clock/clkc_reg[7]/CE
  -------------------------------------------------------------------    -------------------

                         (clock sys_clk_pin rise edge)
                                                      0.000     0.000 r  
    W5                                                0.000     0.000 r  clk (IN)
                         net (fo=0)                   0.000     0.000    clk
    W5                   IBUF (Prop_ibuf_I_O)         1.388     1.388 r  clk_IBUF_inst/O
                         net (fo=1, routed)           1.862     3.250    clk_IBUF
    BUFGCTRL_X0Y0        BUFG (Prop_bufg_I_O)         0.091     3.341 r  clk_IBUF_BUFG_inst/O
                         net (fo=139, routed)         1.433     4.774    clock/clk_IBUF_BUFG
    SLICE_X43Y27         FDRE                                         r  clock/clkc_reg[7]/C

Slack:                    inf
  Source:                 sw
                            (input port)
  Destination:            clock/clkc_reg[10]/CE
                            (rising edge-triggered cell FDRE clocked by sys_clk_pin  {rise@0.000ns fall@5.000ns period=10.000ns})
  Path Group:             (none)
  Path Type:              Setup (Max at Slow Process Corner)
  Data Path Delay:        4.981ns  (logic 1.574ns (31.601%)  route 3.407ns (68.399%))
  Logic Levels:           2  (IBUF=1 LUT4=1)
  Clock Path Skew:        4.776ns (DCD - SCD + CPR)
    Destination Clock Delay (DCD):    4.776ns
    Source Clock Delay      (SCD):    0.000ns
    Clock Pessimism Removal (CPR):    0.000ns
  Clock Uncertainty:      0.025ns  ((TSJ^2 + TIJ^2)^1/2 + DJ) / 2 + PE
    Total System Jitter     (TSJ):    0.050ns
    Total Input Jitter      (TIJ):    0.000ns
    Discrete Jitter          (DJ):    0.000ns
    Phase Error              (PE):    0.000ns

    Location             Delay type                Incr(ns)  Path(ns)    Netlist Resource(s)
  -------------------------------------------------------------------    -------------------
    R2                                                0.000     0.000 r  sw (IN)
                         net (fo=0)                   0.000     0.000    sw
    R2                   IBUF (Prop_ibuf_I_O)         1.456     1.456 r  sw_IBUF_inst/O
                         net (fo=4, routed)           2.134     3.590    dbC/sw_IBUF
    SLICE_X41Y35         LUT4 (Prop_lut4_I2_O)        0.118     3.708 r  dbC/clkc[0]_i_1/O
                         net (fo=32, routed)          1.273     4.981    clock/clkc
    SLICE_X43Y28         FDRE                                         r  clock/clkc_reg[10]/CE
  -------------------------------------------------------------------    -------------------

                         (clock sys_clk_pin rise edge)
                                                      0.000     0.000 r  
    W5                                                0.000     0.000 r  clk (IN)
                         net (fo=0)                   0.000     0.000    clk
    W5                   IBUF (Prop_ibuf_I_O)         1.388     1.388 r  clk_IBUF_inst/O
                         net (fo=1, routed)           1.862     3.250    clk_IBUF
    BUFGCTRL_X0Y0        BUFG (Prop_bufg_I_O)         0.091     3.341 r  clk_IBUF_BUFG_inst/O
                         net (fo=139, routed)         1.435     4.776    clock/clk_IBUF_BUFG
    SLICE_X43Y28         FDRE                                         r  clock/clkc_reg[10]/C

Slack:                    inf
  Source:                 sw
                            (input port)
  Destination:            clock/clkc_reg[11]/CE
                            (rising edge-triggered cell FDRE clocked by sys_clk_pin  {rise@0.000ns fall@5.000ns period=10.000ns})
  Path Group:             (none)
  Path Type:              Setup (Max at Slow Process Corner)
  Data Path Delay:        4.981ns  (logic 1.574ns (31.601%)  route 3.407ns (68.399%))
  Logic Levels:           2  (IBUF=1 LUT4=1)
  Clock Path Skew:        4.776ns (DCD - SCD + CPR)
    Destination Clock Delay (DCD):    4.776ns
    Source Clock Delay      (SCD):    0.000ns
    Clock Pessimism Removal (CPR):    0.000ns
  Clock Uncertainty:      0.025ns  ((TSJ^2 + TIJ^2)^1/2 + DJ) / 2 + PE
    Total System Jitter     (TSJ):    0.050ns
    Total Input Jitter      (TIJ):    0.000ns
    Discrete Jitter          (DJ):    0.000ns
    Phase Error              (PE):    0.000ns

    Location             Delay type                Incr(ns)  Path(ns)    Netlist Resource(s)
  -------------------------------------------------------------------    -------------------
    R2                                                0.000     0.000 r  sw (IN)
                         net (fo=0)                   0.000     0.000    sw
    R2                   IBUF (Prop_ibuf_I_O)         1.456     1.456 r  sw_IBUF_inst/O
                         net (fo=4, routed)           2.134     3.590    dbC/sw_IBUF
    SLICE_X41Y35         LUT4 (Prop_lut4_I2_O)        0.118     3.708 r  dbC/clkc[0]_i_1/O
                         net (fo=32, routed)          1.273     4.981    clock/clkc
    SLICE_X43Y28         FDRE                                         r  clock/clkc_reg[11]/CE
  -------------------------------------------------------------------    -------------------

                         (clock sys_clk_pin rise edge)
                                                      0.000     0.000 r  
    W5                                                0.000     0.000 r  clk (IN)
                         net (fo=0)                   0.000     0.000    clk
    W5                   IBUF (Prop_ibuf_I_O)         1.388     1.388 r  clk_IBUF_inst/O
                         net (fo=1, routed)           1.862     3.250    clk_IBUF
    BUFGCTRL_X0Y0        BUFG (Prop_bufg_I_O)         0.091     3.341 r  clk_IBUF_BUFG_inst/O
                         net (fo=139, routed)         1.435     4.776    clock/clk_IBUF_BUFG
    SLICE_X43Y28         FDRE                                         r  clock/clkc_reg[11]/C





Min Delay Paths
--------------------------------------------------------------------------------------
Slack:                    inf
  Source:                 btnR
                            (input port)
  Destination:            dbR/pb_sync_0_reg/D
                            (rising edge-triggered cell FDRE clocked by sys_clk_pin  {rise@0.000ns fall@5.000ns period=10.000ns})
  Path Group:             (none)
  Path Type:              Hold (Min at Fast Process Corner)
  Data Path Delay:        1.251ns  (logic 0.219ns (17.527%)  route 1.032ns (82.473%))
  Logic Levels:           1  (IBUF=1)
  Clock Path Skew:        1.946ns (DCD - SCD - CPR)
    Destination Clock Delay (DCD):    1.946ns
    Source Clock Delay      (SCD):    0.000ns
    Clock Pessimism Removal (CPR):    -0.000ns

    Location             Delay type                Incr(ns)  Path(ns)    Netlist Resource(s)
  -------------------------------------------------------------------    -------------------
    T17                                               0.000     0.000 r  btnR (IN)
                         net (fo=0)                   0.000     0.000    btnR
    T17                  IBUF (Prop_ibuf_I_O)         0.219     0.219 r  btnR_IBUF_inst/O
                         net (fo=1, routed)           1.032     1.251    dbR/btnR_IBUF
    SLICE_X36Y27         FDRE                                         r  dbR/pb_sync_0_reg/D
  -------------------------------------------------------------------    -------------------

                         (clock sys_clk_pin rise edge)
                                                      0.000     0.000 r  
    W5                                                0.000     0.000 r  clk (IN)
                         net (fo=0)                   0.000     0.000    clk
    W5                   IBUF (Prop_ibuf_I_O)         0.414     0.414 r  clk_IBUF_inst/O
                         net (fo=1, routed)           0.685     1.099    clk_IBUF
    BUFGCTRL_X0Y0        BUFG (Prop_bufg_I_O)         0.029     1.128 r  clk_IBUF_BUFG_inst/O
                         net (fo=139, routed)         0.819     1.946    dbR/clk_IBUF_BUFG
    SLICE_X36Y27         FDRE                                         r  dbR/pb_sync_0_reg/C

Slack:                    inf
  Source:                 btnC
                            (input port)
  Destination:            dbC/pb_sync_0_reg/D
                            (rising edge-triggered cell FDRE clocked by sys_clk_pin  {rise@0.000ns fall@5.000ns period=10.000ns})
  Path Group:             (none)
  Path Type:              Hold (Min at Fast Process Corner)
  Data Path Delay:        1.273ns  (logic 0.210ns (16.463%)  route 1.063ns (83.537%))
  Logic Levels:           1  (IBUF=1)
  Clock Path Skew:        1.946ns (DCD - SCD - CPR)
    Destination Clock Delay (DCD):    1.946ns
    Source Clock Delay      (SCD):    0.000ns
    Clock Pessimism Removal (CPR):    -0.000ns

    Location             Delay type                Incr(ns)  Path(ns)    Netlist Resource(s)
  -------------------------------------------------------------------    -------------------
    U18                                               0.000     0.000 r  btnC (IN)
                         net (fo=0)                   0.000     0.000    btnC
    U18                  IBUF (Prop_ibuf_I_O)         0.210     0.210 r  btnC_IBUF_inst/O
                         net (fo=1, routed)           1.063     1.273    dbC/btnC_IBUF
    SLICE_X38Y27         FDRE                                         r  dbC/pb_sync_0_reg/D
  -------------------------------------------------------------------    -------------------

                         (clock sys_clk_pin rise edge)
                                                      0.000     0.000 r  
    W5                                                0.000     0.000 r  clk (IN)
                         net (fo=0)                   0.000     0.000    clk
    W5                   IBUF (Prop_ibuf_I_O)         0.414     0.414 r  clk_IBUF_inst/O
                         net (fo=1, routed)           0.685     1.099    clk_IBUF
    BUFGCTRL_X0Y0        BUFG (Prop_bufg_I_O)         0.029     1.128 r  clk_IBUF_BUFG_inst/O
                         net (fo=139, routed)         0.819     1.946    dbC/clk_IBUF_BUFG
    SLICE_X38Y27         FDRE                                         r  dbC/pb_sync_0_reg/C

Slack:                    inf
  Source:                 btnU
                            (input port)
  Destination:            dbU/pb_sync_0_reg/D
                            (rising edge-triggered cell FDRE clocked by sys_clk_pin  {rise@0.000ns fall@5.000ns period=10.000ns})
  Path Group:             (none)
  Path Type:              Hold (Min at Fast Process Corner)
  Data Path Delay:        1.277ns  (logic 0.222ns (17.373%)  route 1.055ns (82.627%))
  Logic Levels:           1  (IBUF=1)
  Clock Path Skew:        1.952ns (DCD - SCD - CPR)
    Destination Clock Delay (DCD):    1.952ns
    Source Clock Delay      (SCD):    0.000ns
    Clock Pessimism Removal (CPR):    -0.000ns

    Location             Delay type                Incr(ns)  Path(ns)    Netlist Resource(s)
  -------------------------------------------------------------------    -------------------
    T18                                               0.000     0.000 r  btnU (IN)
                         net (fo=0)                   0.000     0.000    btnU
    T18                  IBUF (Prop_ibuf_I_O)         0.222     0.222 r  btnU_IBUF_inst/O
                         net (fo=1, routed)           1.055     1.277    dbU/btnU_IBUF
    SLICE_X37Y33         FDRE                                         r  dbU/pb_sync_0_reg/D
  -------------------------------------------------------------------    -------------------

                         (clock sys_clk_pin rise edge)
                                                      0.000     0.000 r  
    W5                                                0.000     0.000 r  clk (IN)
                         net (fo=0)                   0.000     0.000    clk
    W5                   IBUF (Prop_ibuf_I_O)         0.414     0.414 r  clk_IBUF_inst/O
                         net (fo=1, routed)           0.685     1.099    clk_IBUF
    BUFGCTRL_X0Y0        BUFG (Prop_bufg_I_O)         0.029     1.128 r  clk_IBUF_BUFG_inst/O
                         net (fo=139, routed)         0.825     1.952    dbU/clk_IBUF_BUFG
    SLICE_X37Y33         FDRE                                         r  dbU/pb_sync_0_reg/C

Slack:                    inf
  Source:                 sw
                            (input port)
  Destination:            clock/sec_reg[2]/CE
                            (rising edge-triggered cell FDRE clocked by sys_clk_pin  {rise@0.000ns fall@5.000ns period=10.000ns})
  Path Group:             (none)
  Path Type:              Hold (Min at Fast Process Corner)
  Data Path Delay:        1.364ns  (logic 0.269ns (19.733%)  route 1.095ns (80.267%))
  Logic Levels:           2  (IBUF=1 LUT4=1)
  Clock Path Skew:        1.954ns (DCD - SCD - CPR)
    Destination Clock Delay (DCD):    1.954ns
    Source Clock Delay      (SCD):    0.000ns
    Clock Pessimism Removal (CPR):    -0.000ns

    Location             Delay type                Incr(ns)  Path(ns)    Netlist Resource(s)
  -------------------------------------------------------------------    -------------------
    R2                                                0.000     0.000 r  sw (IN)
                         net (fo=0)                   0.000     0.000    sw
    R2                   IBUF (Prop_ibuf_I_O)         0.224     0.224 r  sw_IBUF_inst/O
                         net (fo=4, routed)           0.966     1.191    clock/sw_IBUF
    SLICE_X41Y35         LUT4 (Prop_lut4_I2_O)        0.045     1.236 r  clock/sec[5]_i_1/O
                         net (fo=6, routed)           0.129     1.364    clock/sec
    SLICE_X39Y35         FDRE                                         r  clock/sec_reg[2]/CE
  -------------------------------------------------------------------    -------------------

                         (clock sys_clk_pin rise edge)
                                                      0.000     0.000 r  
    W5                                                0.000     0.000 r  clk (IN)
                         net (fo=0)                   0.000     0.000    clk
    W5                   IBUF (Prop_ibuf_I_O)         0.414     0.414 r  clk_IBUF_inst/O
                         net (fo=1, routed)           0.685     1.099    clk_IBUF
    BUFGCTRL_X0Y0        BUFG (Prop_bufg_I_O)         0.029     1.128 r  clk_IBUF_BUFG_inst/O
                         net (fo=139, routed)         0.827     1.954    clock/clk_IBUF_BUFG
    SLICE_X39Y35         FDRE                                         r  clock/sec_reg[2]/C

Slack:                    inf
  Source:                 sw
                            (input port)
  Destination:            clock/sec_reg[5]/CE
                            (rising edge-triggered cell FDRE clocked by sys_clk_pin  {rise@0.000ns fall@5.000ns period=10.000ns})
  Path Group:             (none)
  Path Type:              Hold (Min at Fast Process Corner)
  Data Path Delay:        1.364ns  (logic 0.269ns (19.733%)  route 1.095ns (80.267%))
  Logic Levels:           2  (IBUF=1 LUT4=1)
  Clock Path Skew:        1.954ns (DCD - SCD - CPR)
    Destination Clock Delay (DCD):    1.954ns
    Source Clock Delay      (SCD):    0.000ns
    Clock Pessimism Removal (CPR):    -0.000ns

    Location             Delay type                Incr(ns)  Path(ns)    Netlist Resource(s)
  -------------------------------------------------------------------    -------------------
    R2                                                0.000     0.000 r  sw (IN)
                         net (fo=0)                   0.000     0.000    sw
    R2                   IBUF (Prop_ibuf_I_O)         0.224     0.224 r  sw_IBUF_inst/O
                         net (fo=4, routed)           0.966     1.191    clock/sw_IBUF
    SLICE_X41Y35         LUT4 (Prop_lut4_I2_O)        0.045     1.236 r  clock/sec[5]_i_1/O
                         net (fo=6, routed)           0.129     1.364    clock/sec
    SLICE_X39Y35         FDRE                                         r  clock/sec_reg[5]/CE
  -------------------------------------------------------------------    -------------------

                         (clock sys_clk_pin rise edge)
                                                      0.000     0.000 r  
    W5                                                0.000     0.000 r  clk (IN)
                         net (fo=0)                   0.000     0.000    clk
    W5                   IBUF (Prop_ibuf_I_O)         0.414     0.414 r  clk_IBUF_inst/O
                         net (fo=1, routed)           0.685     1.099    clk_IBUF
    BUFGCTRL_X0Y0        BUFG (Prop_bufg_I_O)         0.029     1.128 r  clk_IBUF_BUFG_inst/O
                         net (fo=139, routed)         0.827     1.954    clock/clk_IBUF_BUFG
    SLICE_X39Y35         FDRE                                         r  clock/sec_reg[5]/C

Slack:                    inf
  Source:                 sw
                            (input port)
  Destination:            clock/sec_reg[0]/CE
                            (rising edge-triggered cell FDRE clocked by sys_clk_pin  {rise@0.000ns fall@5.000ns period=10.000ns})
  Path Group:             (none)
  Path Type:              Hold (Min at Fast Process Corner)
  Data Path Delay:        1.412ns  (logic 0.269ns (19.068%)  route 1.143ns (80.932%))
  Logic Levels:           2  (IBUF=1 LUT4=1)
  Clock Path Skew:        1.954ns (DCD - SCD - CPR)
    Destination Clock Delay (DCD):    1.954ns
    Source Clock Delay      (SCD):    0.000ns
    Clock Pessimism Removal (CPR):    -0.000ns

    Location             Delay type                Incr(ns)  Path(ns)    Netlist Resource(s)
  -------------------------------------------------------------------    -------------------
    R2                                                0.000     0.000 r  sw (IN)
                         net (fo=0)                   0.000     0.000    sw
    R2                   IBUF (Prop_ibuf_I_O)         0.224     0.224 r  sw_IBUF_inst/O
                         net (fo=4, routed)           0.966     1.191    clock/sw_IBUF
    SLICE_X41Y35         LUT4 (Prop_lut4_I2_O)        0.045     1.236 r  clock/sec[5]_i_1/O
                         net (fo=6, routed)           0.177     1.412    clock/sec
    SLICE_X38Y35         FDRE                                         r  clock/sec_reg[0]/CE
  -------------------------------------------------------------------    -------------------

                         (clock sys_clk_pin rise edge)
                                                      0.000     0.000 r  
    W5                                                0.000     0.000 r  clk (IN)
                         net (fo=0)                   0.000     0.000    clk
    W5                   IBUF (Prop_ibuf_I_O)         0.414     0.414 r  clk_IBUF_inst/O
                         net (fo=1, routed)           0.685     1.099    clk_IBUF
    BUFGCTRL_X0Y0        BUFG (Prop_bufg_I_O)         0.029     1.128 r  clk_IBUF_BUFG_inst/O
                         net (fo=139, routed)         0.827     1.954    clock/clk_IBUF_BUFG
    SLICE_X38Y35         FDRE                                         r  clock/sec_reg[0]/C

Slack:                    inf
  Source:                 sw
                            (input port)
  Destination:            clock/sec_reg[1]/CE
                            (rising edge-triggered cell FDRE clocked by sys_clk_pin  {rise@0.000ns fall@5.000ns period=10.000ns})
  Path Group:             (none)
  Path Type:              Hold (Min at Fast Process Corner)
  Data Path Delay:        1.412ns  (logic 0.269ns (19.068%)  route 1.143ns (80.932%))
  Logic Levels:           2  (IBUF=1 LUT4=1)
  Clock Path Skew:        1.954ns (DCD - SCD - CPR)
    Destination Clock Delay (DCD):    1.954ns
    Source Clock Delay      (SCD):    0.000ns
    Clock Pessimism Removal (CPR):    -0.000ns

    Location             Delay type                Incr(ns)  Path(ns)    Netlist Resource(s)
  -------------------------------------------------------------------    -------------------
    R2                                                0.000     0.000 r  sw (IN)
                         net (fo=0)                   0.000     0.000    sw
    R2                   IBUF (Prop_ibuf_I_O)         0.224     0.224 r  sw_IBUF_inst/O
                         net (fo=4, routed)           0.966     1.191    clock/sw_IBUF
    SLICE_X41Y35         LUT4 (Prop_lut4_I2_O)        0.045     1.236 r  clock/sec[5]_i_1/O
                         net (fo=6, routed)           0.177     1.412    clock/sec
    SLICE_X38Y35         FDRE                                         r  clock/sec_reg[1]/CE
  -------------------------------------------------------------------    -------------------

                         (clock sys_clk_pin rise edge)
                                                      0.000     0.000 r  
    W5                                                0.000     0.000 r  clk (IN)
                         net (fo=0)                   0.000     0.000    clk
    W5                   IBUF (Prop_ibuf_I_O)         0.414     0.414 r  clk_IBUF_inst/O
                         net (fo=1, routed)           0.685     1.099    clk_IBUF
    BUFGCTRL_X0Y0        BUFG (Prop_bufg_I_O)         0.029     1.128 r  clk_IBUF_BUFG_inst/O
                         net (fo=139, routed)         0.827     1.954    clock/clk_IBUF_BUFG
    SLICE_X38Y35         FDRE                                         r  clock/sec_reg[1]/C

Slack:                    inf
  Source:                 sw
                            (input port)
  Destination:            clock/sec_reg[3]/CE
                            (rising edge-triggered cell FDRE clocked by sys_clk_pin  {rise@0.000ns fall@5.000ns period=10.000ns})
  Path Group:             (none)
  Path Type:              Hold (Min at Fast Process Corner)
  Data Path Delay:        1.412ns  (logic 0.269ns (19.068%)  route 1.143ns (80.932%))
  Logic Levels:           2  (IBUF=1 LUT4=1)
  Clock Path Skew:        1.954ns (DCD - SCD - CPR)
    Destination Clock Delay (DCD):    1.954ns
    Source Clock Delay      (SCD):    0.000ns
    Clock Pessimism Removal (CPR):    -0.000ns

    Location             Delay type                Incr(ns)  Path(ns)    Netlist Resource(s)
  -------------------------------------------------------------------    -------------------
    R2                                                0.000     0.000 r  sw (IN)
                         net (fo=0)                   0.000     0.000    sw
    R2                   IBUF (Prop_ibuf_I_O)         0.224     0.224 r  sw_IBUF_inst/O
                         net (fo=4, routed)           0.966     1.191    clock/sw_IBUF
    SLICE_X41Y35         LUT4 (Prop_lut4_I2_O)        0.045     1.236 r  clock/sec[5]_i_1/O
                         net (fo=6, routed)           0.177     1.412    clock/sec
    SLICE_X38Y35         FDRE                                         r  clock/sec_reg[3]/CE
  -------------------------------------------------------------------    -------------------

                         (clock sys_clk_pin rise edge)
                                                      0.000     0.000 r  
    W5                                                0.000     0.000 r  clk (IN)
                         net (fo=0)                   0.000     0.000    clk
    W5                   IBUF (Prop_ibuf_I_O)         0.414     0.414 r  clk_IBUF_inst/O
                         net (fo=1, routed)           0.685     1.099    clk_IBUF
    BUFGCTRL_X0Y0        BUFG (Prop_bufg_I_O)         0.029     1.128 r  clk_IBUF_BUFG_inst/O
                         net (fo=139, routed)         0.827     1.954    clock/clk_IBUF_BUFG
    SLICE_X38Y35         FDRE                                         r  clock/sec_reg[3]/C

Slack:                    inf
  Source:                 sw
                            (input port)
  Destination:            clock/sec_reg[4]/CE
                            (rising edge-triggered cell FDRE clocked by sys_clk_pin  {rise@0.000ns fall@5.000ns period=10.000ns})
  Path Group:             (none)
  Path Type:              Hold (Min at Fast Process Corner)
  Data Path Delay:        1.412ns  (logic 0.269ns (19.068%)  route 1.143ns (80.932%))
  Logic Levels:           2  (IBUF=1 LUT4=1)
  Clock Path Skew:        1.954ns (DCD - SCD - CPR)
    Destination Clock Delay (DCD):    1.954ns
    Source Clock Delay      (SCD):    0.000ns
    Clock Pessimism Removal (CPR):    -0.000ns

    Location             Delay type                Incr(ns)  Path(ns)    Netlist Resource(s)
  -------------------------------------------------------------------    -------------------
    R2                                                0.000     0.000 r  sw (IN)
                         net (fo=0)                   0.000     0.000    sw
    R2                   IBUF (Prop_ibuf_I_O)         0.224     0.224 r  sw_IBUF_inst/O
                         net (fo=4, routed)           0.966     1.191    clock/sw_IBUF
    SLICE_X41Y35         LUT4 (Prop_lut4_I2_O)        0.045     1.236 r  clock/sec[5]_i_1/O
                         net (fo=6, routed)           0.177     1.412    clock/sec
    SLICE_X38Y35         FDRE                                         r  clock/sec_reg[4]/CE
  -------------------------------------------------------------------    -------------------

                         (clock sys_clk_pin rise edge)
                                                      0.000     0.000 r  
    W5                                                0.000     0.000 r  clk (IN)
                         net (fo=0)                   0.000     0.000    clk
    W5                   IBUF (Prop_ibuf_I_O)         0.414     0.414 r  clk_IBUF_inst/O
                         net (fo=1, routed)           0.685     1.099    clk_IBUF
    BUFGCTRL_X0Y0        BUFG (Prop_bufg_I_O)         0.029     1.128 r  clk_IBUF_BUFG_inst/O
                         net (fo=139, routed)         0.827     1.954    clock/clk_IBUF_BUFG
    SLICE_X38Y35         FDRE                                         r  clock/sec_reg[4]/C

Slack:                    inf
  Source:                 sw
                            (input port)
  Destination:            clock/clkc_reg[28]/CE
                            (rising edge-triggered cell FDRE clocked by sys_clk_pin  {rise@0.000ns fall@5.000ns period=10.000ns})
  Path Group:             (none)
  Path Type:              Hold (Min at Fast Process Corner)
  Data Path Delay:        1.413ns  (logic 0.272ns (19.264%)  route 1.141ns (80.736%))
  Logic Levels:           2  (IBUF=1 LUT4=1)
  Clock Path Skew:        1.953ns (DCD - SCD - CPR)
    Destination Clock Delay (DCD):    1.953ns
    Source Clock Delay      (SCD):    0.000ns
    Clock Pessimism Removal (CPR):    -0.000ns

    Location             Delay type                Incr(ns)  Path(ns)    Netlist Resource(s)
  -------------------------------------------------------------------    -------------------
    R2                                                0.000     0.000 r  sw (IN)
                         net (fo=0)                   0.000     0.000    sw
    R2                   IBUF (Prop_ibuf_I_O)         0.224     0.224 r  sw_IBUF_inst/O
                         net (fo=4, routed)           0.966     1.191    dbC/sw_IBUF
    SLICE_X41Y35         LUT4 (Prop_lut4_I2_O)        0.048     1.239 r  dbC/clkc[0]_i_1/O
                         net (fo=32, routed)          0.175     1.413    clock/clkc
    SLICE_X43Y33         FDRE                                         r  clock/clkc_reg[28]/CE
  -------------------------------------------------------------------    -------------------

                         (clock sys_clk_pin rise edge)
                                                      0.000     0.000 r  
    W5                                                0.000     0.000 r  clk (IN)
                         net (fo=0)                   0.000     0.000    clk
    W5                   IBUF (Prop_ibuf_I_O)         0.414     0.414 r  clk_IBUF_inst/O
                         net (fo=1, routed)           0.685     1.099    clk_IBUF
    BUFGCTRL_X0Y0        BUFG (Prop_bufg_I_O)         0.029     1.128 r  clk_IBUF_BUFG_inst/O
                         net (fo=139, routed)         0.826     1.953    clock/clk_IBUF_BUFG
    SLICE_X43Y33         FDRE                                         r  clock/clkc_reg[28]/C





